Day,08:00,持續時間,09:00,持續時間,10:00,持續時間,11:00,持續時間,12:00,持續時間,13:00,持續時間,14:00,持續時間,15:00,持續時間,16:00,持續時間,17:00,持續時間,18:00,持續時間,19:00,持續時間,20:00,持續時間,21:00,持續時間,22:00,持續時間,23:00,持續時間,00:00,持續時間,01:00,持續時間,02:00,持續時間,03:00,持續時間,04:00,持續時間,05:00,持續時間,06:00,持續時間,07:00,持續時間
第1天,起床,30,刷牙,120,上廁所,120,吃飯,3638,休閒活動,3523,吃飯,3523,休閒活動,3230,休閒活動,3600,上廁所,120,休閒活動,3100,休閒活動,2134,上廁所,120,吃飯,600,休閒活動,2134,休閒活動,3100,刷牙,600,睡覺,3600,睡覺,3600,睡覺,3600,睡覺,3600,睡覺,3600,睡覺,3600,睡覺,3600,睡覺,3600
第2天,起床,35,刷牙,135,上廁所,135,吃飯,3655,休閒活動,3600,吃飯,3600,休閒活動,2800,休閒活動,3100,上廁所,135,休閒活動,3523,休閒活動,2345,上廁所,135,吃飯,600,休閒活動,2345,休閒活動,3523,刷牙,600,睡覺,3600,睡覺,3600,睡覺,3600,睡覺,3600,睡覺,3600,睡覺,3600,睡覺,3600,睡覺,3600
第3天,起床,32,刷牙,120,上廁所,120,吃飯,3487,休閒活動,3100,吃飯,3100,休閒活動,2000,休閒活動,3230,上廁所,120,休閒活動,3600,休閒活動,2356,上廁所,120,吃飯,600,休閒活動,2356,休閒活動,3600,刷牙,600,睡覺,3600,睡覺,3600,睡覺,3600,睡覺,3600,睡覺,3600,睡覺,3600,睡覺,3600,睡覺,3600
第4天,起床,31,刷牙,200,上廁所,200,吃飯,2657,休閒活動,3230,吃飯,3230,休閒活動,3100,休閒活動,2800,上廁所,200,休閒活動,3100,休閒活動,3523,上廁所,200,吃飯,600,休閒活動,3523,休閒活動,3100,刷牙,600,睡覺,3600,睡覺,3600,睡覺,3600,睡覺,3600,睡覺,3600,睡覺,3600,睡覺,3600,睡覺,3600
第5天,起床,40,刷牙,900,上廁所,900,吃飯,3655,休閒活動,2800,吃飯,2800,休閒活動,2134,休閒活動,2000,上廁所,900,休閒活動,3230,休閒活動,3600,上廁所,900,吃飯,600,休閒活動,3600,休閒活動,3230,刷牙,600,睡覺,3600,睡覺,3600,睡覺,3600,睡覺,3600,睡覺,3600,睡覺,3600,睡覺,3600,睡覺,3600
第6天,起床,60,刷牙,350,上廁所,350,吃飯,2467,休閒活動,2000,吃飯,2000,休閒活動,2345,休閒活動,3100,上廁所,350,休閒活動,2800,休閒活動,3100,上廁所,350,吃飯,600,休閒活動,3100,休閒活動,2800,刷牙,600,睡覺,3600,睡覺,3600,睡覺,3600,睡覺,3600,睡覺,3600,睡覺,3600,睡覺,3600,睡覺,3600
第7天,起床,30,刷牙,270,上廁所,270,吃飯,2300,休閒活動,3100,吃飯,3100,休閒活動,2356,休閒活動,3523,上廁所,270,休閒活動,2000,休閒活動,3230,上廁所,270,吃飯,600,休閒活動,3230,休閒活動,2000,刷牙,600,睡覺,3600,睡覺,3600,睡覺,3600,睡覺,3600,睡覺,3600,睡覺,3600,睡覺,3600,睡覺,3600
第8天,起床,36,刷牙,120,上廁所,120,吃飯,3638,休閒活動,2134,吃飯,2134,休閒活動,3523,休閒活動,3600,上廁所,120,休閒活動,3100,休閒活動,2800,上廁所,120,吃飯,600,休閒活動,2800,休閒活動,3100,刷牙,600,睡覺,3600,睡覺,3600,睡覺,3600,睡覺,3600,睡覺,3600,睡覺,3600,睡覺,3600,睡覺,3600
第9天,起床,38,刷牙,135,上廁所,135,吃飯,3655,休閒活動,2345,吃飯,2345,休閒活動,3600,休閒活動,3100,上廁所,135,休閒活動,2134,休閒活動,2000,上廁所,135,吃飯,600,休閒活動,2000,休閒活動,2134,刷牙,600,睡覺,3600,睡覺,3600,睡覺,3600,睡覺,3600,睡覺,3600,睡覺,3600,睡覺,3600,睡覺,3600
第10天,起床,50,刷牙,120,上廁所,120,吃飯,3487,休閒活動,2356,吃飯,2356,休閒活動,3100,休閒活動,3230,上廁所,120,休閒活動,800,休閒活動,3100,上廁所,120,吃飯,600,休閒活動,3100,休閒活動,800,刷牙,600,睡覺,3600,睡覺,3600,睡覺,3600,睡覺,3600,睡覺,3600,睡覺,3600,睡覺,3600,睡覺,3600
第11天,起床,65,刷牙,200,上廁所,200,吃飯,2657,休閒活動,3523,吃飯,3523,休閒活動,3230,休閒活動,2800,上廁所,200,休閒活動,856,休閒活動,3523,上廁所,200,吃飯,600,休閒活動,3523,休閒活動,856,刷牙,600,睡覺,3600,睡覺,3600,睡覺,3600,睡覺,3600,睡覺,3600,睡覺,3600,睡覺,3600,睡覺,3600
第12天,起床,67,刷牙,900,上廁所,900,吃飯,3655,休閒活動,3600,吃飯,3600,休閒活動,2800,休閒活動,2000,上廁所,900,休閒活動,432,休閒活動,3600,上廁所,900,吃飯,600,休閒活動,3600,休閒活動,432,刷牙,600,睡覺,3600,睡覺,3600,睡覺,3600,睡覺,3600,睡覺,3600,睡覺,3600,睡覺,3600,睡覺,3600
第13天,起床,50,刷牙,350,上廁所,350,吃飯,2467,休閒活動,3100,吃飯,3100,休閒活動,2000,休閒活動,3100,上廁所,350,休閒活動,657,休閒活動,3100,上廁所,350,吃飯,600,休閒活動,3100,休閒活動,657,刷牙,600,睡覺,3600,睡覺,3600,睡覺,3600,睡覺,3600,睡覺,3600,睡覺,3600,睡覺,3600,睡覺,3600
第14天,起床,30,刷牙,120,上廁所,120,吃飯,2300,休閒活動,3230,吃飯,3230,休閒活動,3100,休閒活動,2134,上廁所,120,休閒活動,2345,休閒活動,3230,上廁所,120,吃飯,600,休閒活動,3230,休閒活動,2345,刷牙,600,睡覺,3600,睡覺,3600,睡覺,3600,睡覺,3600,睡覺,3600,睡覺,3600,睡覺,3600,睡覺,3600
第15天,起床,35,刷牙,135,上廁所,135,吃飯,3600,休閒活動,2800,吃飯,2800,休閒活動,3523,休閒活動,800,上廁所,135,休閒活動,2356,休閒活動,2800,上廁所,135,吃飯,600,休閒活動,2800,休閒活動,2356,刷牙,600,睡覺,3600,睡覺,3600,睡覺,3600,睡覺,3600,睡覺,3600,睡覺,3600,睡覺,3600,睡覺,3600
第16天,起床,32,刷牙,120,上廁所,120,吃飯,3638,休閒活動,2000,吃飯,2000,休閒活動,3600,休閒活動,856,上廁所,120,休閒活動,3523,休閒活動,2000,上廁所,120,吃飯,600,休閒活動,2000,休閒活動,3523,刷牙,600,睡覺,3600,睡覺,3600,睡覺,3600,睡覺,3600,睡覺,3600,睡覺,3600,睡覺,3600,睡覺,3600
第17天,起床,31,刷牙,200,上廁所,200,吃飯,3655,休閒活動,3100,吃飯,3100,休閒活動,3100,休閒活動,432,上廁所,200,休閒活動,3600,休閒活動,3100,上廁所,200,吃飯,600,休閒活動,3100,休閒活動,3600,刷牙,600,睡覺,3600,睡覺,3600,睡覺,3600,睡覺,3600,睡覺,3600,睡覺,3600,睡覺,3600,睡覺,3600
第18天,起床,40,刷牙,900,上廁所,900,吃飯,3487,休閒活動,3523,吃飯,3523,休閒活動,3230,休閒活動,657,上廁所,900,休閒活動,3100,休閒活動,2134,上廁所,900,吃飯,600,休閒活動,2134,休閒活動,3100,刷牙,600,睡覺,3600,睡覺,3600,睡覺,3600,睡覺,3600,睡覺,3600,睡覺,3600,睡覺,3600,睡覺,3600
第19天,起床,60,刷牙,350,上廁所,350,吃飯,2657,休閒活動,3600,吃飯,3600,休閒活動,2800,休閒活動,2345,上廁所,350,休閒活動,3230,休閒活動,800,上廁所,350,吃飯,600,休閒活動,800,休閒活動,3230,刷牙,600,睡覺,3600,睡覺,3600,睡覺,3600,睡覺,3600,睡覺,3600,睡覺,3600,睡覺,3600,睡覺,3600
第20天,起床,30,刷牙,120,上廁所,120,吃飯,3655,休閒活動,3100,吃飯,3100,休閒活動,2000,休閒活動,2356,上廁所,120,休閒活動,2800,休閒活動,856,上廁所,120,吃飯,600,休閒活動,856,休閒活動,2800,刷牙,600,睡覺,3600,睡覺,3600,睡覺,3600,睡覺,3600,睡覺,3600,睡覺,3600,睡覺,3600,睡覺,3600
第21天,起床,36,刷牙,135,上廁所,135,吃飯,2467,休閒活動,3230,吃飯,3230,休閒活動,3100,休閒活動,3523,上廁所,135,休閒活動,2000,休閒活動,432,上廁所,135,吃飯,600,休閒活動,432,休閒活動,2000,刷牙,600,睡覺,3600,睡覺,3600,睡覺,3600,睡覺,3600,睡覺,3600,睡覺,3600,睡覺,3600,睡覺,3600
第22天,起床,38,刷牙,120,上廁所,120,吃飯,2300,休閒活動,2800,吃飯,2800,休閒活動,2134,休閒活動,3600,上廁所,120,休閒活動,3100,休閒活動,657,上廁所,120,吃飯,600,休閒活動,657,休閒活動,3100,刷牙,600,睡覺,3600,睡覺,3600,睡覺,3600,睡覺,3600,睡覺,3600,睡覺,3600,睡覺,3600,睡覺,3600
第23天,起床,50,刷牙,200,上廁所,200,吃飯,3638,休閒活動,2000,吃飯,2000,休閒活動,800,休閒活動,3100,上廁所,200,休閒活動,2134,休閒活動,2345,上廁所,200,吃飯,600,休閒活動,2345,休閒活動,2134,刷牙,600,睡覺,3600,睡覺,3600,睡覺,3600,睡覺,3600,睡覺,3600,睡覺,3600,睡覺,3600,睡覺,3600
第24天,起床,65,刷牙,900,上廁所,900,吃飯,3655,休閒活動,3100,吃飯,3100,休閒活動,856,休閒活動,3230,上廁所,900,休閒活動,2345,休閒活動,2356,上廁所,900,吃飯,600,休閒活動,2356,休閒活動,2345,刷牙,600,睡覺,3600,睡覺,3600,睡覺,3600,睡覺,3600,睡覺,3600,睡覺,3600,睡覺,3600,睡覺,3600
第25天,起床,67,刷牙,350,上廁所,350,吃飯,3487,休閒活動,2134,吃飯,2134,休閒活動,432,休閒活動,2800,上廁所,350,休閒活動,2356,休閒活動,3523,上廁所,350,吃飯,600,休閒活動,3523,休閒活動,2356,刷牙,600,睡覺,3600,睡覺,3600,睡覺,3600,睡覺,3600,睡覺,3600,睡覺,3600,睡覺,3600,睡覺,3600
第26天,起床,50,刷牙,120,上廁所,120,吃飯,2657,吃飯,800,吃飯,800,休閒活動,657,吃飯,2000,吃飯,120,吃飯,3523,休閒活動,3600,上廁所,120,吃飯,600,休閒活動,3600,休閒活動,3523,刷牙,600,睡覺,3600,睡覺,3600,睡覺,3600,睡覺,3600,睡覺,3600,睡覺,3600,睡覺,3600,睡覺,3600
第27天,起床,30,刷牙,135,上廁所,135,吃飯,3655,吃飯,856,吃飯,856,休閒活動,2345,吃飯,3100,吃飯,135,吃飯,3600,休閒活動,3100,上廁所,135,吃飯,600,休閒活動,3100,休閒活動,3600,刷牙,600,睡覺,3600,睡覺,3600,睡覺,3600,睡覺,3600,睡覺,3600,睡覺,3600,睡覺,3600,睡覺,3600
第28天,起床,35,刷牙,120,上廁所,120,吃飯,2467,吃飯,432,吃飯,432,休閒活動,2356,吃飯,2134,吃飯,120,吃飯,3100,休閒活動,3230,上廁所,120,吃飯,600,休閒活動,3230,休閒活動,3100,刷牙,600,睡覺,3600,睡覺,3600,睡覺,3600,睡覺,3600,睡覺,3600,睡覺,3600,睡覺,3600,睡覺,3600
第29天,起床,32,刷牙,200,上廁所,200,吃飯,2300,吃飯,657,吃飯,657,休閒活動,3523,吃飯,2345,吃飯,200,吃飯,3230,休閒活動,2800,上廁所,200,吃飯,600,休閒活動,2800,休閒活動,3230,刷牙,600,睡覺,3600,睡覺,3600,睡覺,3600,睡覺,3600,睡覺,3600,睡覺,3600,睡覺,3600,睡覺,3600
第30天,起床,31,刷牙,900,上廁所,900,吃飯,3600,吃飯,2345,吃飯,2345,休閒活動,3600,吃飯,2356,吃飯,900,吃飯,2800,休閒活動,2000,上廁所,900,吃飯,600,休閒活動,2000,休閒活動,2800,刷牙,600,睡覺,3600,睡覺,3600,睡覺,3600,睡覺,3600,睡覺,3600,睡覺,3600,睡覺,3600,睡覺,3600
第31天,起床,40,刷牙,350,上廁所,350,吃飯,600,吃飯,2356,吃飯,2356,休閒活動,3100,吃飯,3523,吃飯,350,吃飯,2000,休閒活動,3100,上廁所,350,吃飯,600,休閒活動,3100,休閒活動,2000,刷牙,600,睡覺,3600,睡覺,3600,睡覺,3600,睡覺,3600,睡覺,3600,睡覺,3600,睡覺,3600,睡覺,3600
第32天,起床,60,刷牙,270,上廁所,270,吃飯,3638,休閒活動,3523,吃飯,3523,休閒活動,3230,休閒活動,3600,上廁所,270,休閒活動,3100,休閒活動,2134,上廁所,270,吃飯,600,休閒活動,2134,休閒活動,3100,刷牙,600,睡覺,3600,睡覺,3600,睡覺,3600,睡覺,3600,睡覺,3600,睡覺,3600,睡覺,3600,睡覺,3600
第33天,起床,30,刷牙,120,上廁所,120,吃飯,3655,休閒活動,3600,吃飯,3600,休閒活動,2800,休閒活動,3100,上廁所,120,休閒活動,3523,休閒活動,2345,上廁所,120,吃飯,600,休閒活動,2345,休閒活動,3523,刷牙,600,睡覺,3600,睡覺,3600,睡覺,3600,睡覺,3600,睡覺,3600,睡覺,3600,睡覺,3600,睡覺,3600
第34天,起床,36,刷牙,200,上廁所,200,吃飯,3487,休閒活動,3100,吃飯,3100,休閒活動,2000,休閒活動,3230,上廁所,200,休閒活動,3600,休閒活動,2356,上廁所,200,吃飯,600,休閒活動,2356,休閒活動,3600,刷牙,600,睡覺,3600,睡覺,3600,睡覺,3600,睡覺,3600,睡覺,3600,睡覺,3600,睡覺,3600,睡覺,3600
第35天,起床,38,刷牙,900,上廁所,900,吃飯,2657,休閒活動,3230,吃飯,3230,休閒活動,3100,休閒活動,2800,上廁所,900,休閒活動,3100,休閒活動,3523,上廁所,900,吃飯,600,休閒活動,3523,休閒活動,3100,刷牙,600,睡覺,3600,睡覺,3600,睡覺,3600,睡覺,3600,睡覺,3600,睡覺,3600,睡覺,3600,睡覺,3600
第36天,起床,50,刷牙,350,上廁所,350,吃飯,3655,休閒活動,2800,吃飯,2800,休閒活動,2134,休閒活動,2000,上廁所,350,休閒活動,3230,休閒活動,3600,上廁所,350,吃飯,600,休閒活動,3600,休閒活動,3230,刷牙,600,睡覺,3600,睡覺,3600,睡覺,3600,睡覺,3600,睡覺,3600,睡覺,3600,睡覺,3600,睡覺,3600
第37天,起床,65,刷牙,120,上廁所,120,吃飯,2467,休閒活動,2000,吃飯,2000,休閒活動,2345,休閒活動,3100,上廁所,120,休閒活動,2800,休閒活動,3100,上廁所,120,吃飯,600,休閒活動,3100,休閒活動,2800,刷牙,600,睡覺,3600,睡覺,3600,睡覺,3600,睡覺,3600,睡覺,3600,睡覺,3600,睡覺,3600,睡覺,3600
第38天,起床,67,刷牙,135,上廁所,135,吃飯,2300,休閒活動,3100,吃飯,3100,休閒活動,2356,休閒活動,3523,上廁所,135,休閒活動,2000,吃飯,3230,吃飯,135,吃飯,600,休閒活動,3230,休閒活動,2000,刷牙,600,睡覺,3600,睡覺,3600,睡覺,3600,睡覺,3600,睡覺,3600,睡覺,3600,睡覺,3600,睡覺,3600
第39天,起床,50,刷牙,120,上廁所,120,吃飯,3638,休閒活動,2134,吃飯,2134,休閒活動,3523,休閒活動,3600,上廁所,120,休閒活動,3100,吃飯,2800,吃飯,120,吃飯,600,休閒活動,2800,休閒活動,3100,刷牙,600,睡覺,3600,睡覺,3600,睡覺,3600,睡覺,3600,睡覺,3600,睡覺,3600,睡覺,3600,睡覺,3600
第40天,起床,30,刷牙,200,上廁所,200,吃飯,3655,休閒活動,2345,吃飯,2345,休閒活動,3600,休閒活動,3100,上廁所,200,休閒活動,2134,休閒活動,2000,上廁所,200,吃飯,600,休閒活動,2000,休閒活動,2134,刷牙,600,睡覺,3600,睡覺,3600,睡覺,3600,睡覺,3600,睡覺,3600,睡覺,3600,睡覺,3600,睡覺,3600
第41天,起床,35,刷牙,900,上廁所,900,吃飯,3487,休閒活動,2356,吃飯,2356,休閒活動,3100,休閒活動,3230,上廁所,900,休閒活動,3523,休閒活動,3100,上廁所,900,吃飯,600,休閒活動,3100,休閒活動,3523,刷牙,600,睡覺,3600,睡覺,3600,睡覺,3600,睡覺,3600,睡覺,3600,睡覺,3600,睡覺,3600,睡覺,3600
第42天,起床,32,刷牙,350,上廁所,350,吃飯,2657,休閒活動,3523,吃飯,3523,休閒活動,3230,休閒活動,2800,上廁所,350,休閒活動,3600,休閒活動,3523,上廁所,350,吃飯,600,休閒活動,3523,休閒活動,3600,刷牙,600,睡覺,3600,睡覺,3600,睡覺,3600,睡覺,3600,睡覺,3600,睡覺,3600,睡覺,3600,睡覺,3600
第43天,起床,31,刷牙,270,上廁所,270,吃飯,3655,休閒活動,3600,吃飯,3600,休閒活動,2800,休閒活動,2000,上廁所,270,休閒活動,3100,休閒活動,3600,上廁所,270,吃飯,600,休閒活動,3600,休閒活動,3100,刷牙,600,睡覺,3600,睡覺,3600,睡覺,3600,睡覺,3600,睡覺,3600,睡覺,3600,睡覺,3600,睡覺,3600
第44天,起床,40,刷牙,120,上廁所,120,吃飯,2467,休閒活動,3100,吃飯,3100,休閒活動,2000,休閒活動,3100,上廁所,120,休閒活動,3230,休閒活動,3100,上廁所,120,吃飯,600,休閒活動,3100,休閒活動,3230,刷牙,600,睡覺,3600,睡覺,3600,睡覺,3600,睡覺,3600,睡覺,3600,睡覺,3600,睡覺,3600,睡覺,3600
第45天,起床,60,刷牙,200,上廁所,200,吃飯,2300,休閒活動,3230,吃飯,3230,休閒活動,3100,休閒活動,2134,上廁所,200,休閒活動,2800,休閒活動,3230,上廁所,200,吃飯,600,休閒活動,3230,休閒活動,2800,刷牙,600,睡覺,3600,睡覺,3600,睡覺,3600,睡覺,3600,睡覺,3600,睡覺,3600,睡覺,3600,睡覺,3600
第46天,起床,30,刷牙,900,上廁所,900,吃飯,3600,休閒活動,2800,吃飯,2800,休閒活動,3523,休閒活動,3523,上廁所,900,休閒活動,2000,休閒活動,2800,上廁所,900,吃飯,600,休閒活動,2800,休閒活動,2000,刷牙,600,睡覺,3600,睡覺,3600,睡覺,3600,睡覺,3600,睡覺,3600,睡覺,3600,睡覺,3600,睡覺,3600
第47天,起床,36,刷牙,350,上廁所,350,吃飯,3638,休閒活動,2000,吃飯,2000,休閒活動,3600,休閒活動,3600,上廁所,350,休閒活動,3100,休閒活動,2000,上廁所,350,吃飯,600,休閒活動,2000,休閒活動,3100,刷牙,600,睡覺,3600,睡覺,3600,睡覺,3600,睡覺,3600,睡覺,3600,睡覺,3600,睡覺,3600,睡覺,3600
第48天,起床,38,刷牙,120,上廁所,120,吃飯,3655,休閒活動,3100,吃飯,3100,休閒活動,3100,休閒活動,3100,上廁所,120,休閒活動,2134,休閒活動,3100,上廁所,120,吃飯,600,休閒活動,3100,休閒活動,2134,刷牙,600,睡覺,3600,睡覺,3600,睡覺,3600,睡覺,3600,睡覺,3600,睡覺,3600,睡覺,3600,睡覺,3600
第49天,起床,50,刷牙,135,上廁所,135,吃飯,3487,休閒活動,3523,吃飯,3523,休閒活動,3230,休閒活動,3230,上廁所,135,休閒活動,2345,休閒活動,2134,上廁所,135,吃飯,600,休閒活動,2134,休閒活動,2345,刷牙,600,睡覺,3600,睡覺,3600,睡覺,3600,睡覺,3600,睡覺,3600,睡覺,3600,睡覺,3600,睡覺,3600
第50天,起床,65,刷牙,120,上廁所,120,吃飯,2657,休閒活動,3600,吃飯,3600,休閒活動,2800,休閒活動,2800,上廁所,120,休閒活動,2356,休閒活動,3523,上廁所,120,吃飯,600,休閒活動,3523,休閒活動,2356,刷牙,600,睡覺,3600,睡覺,3600,睡覺,3600,睡覺,3600,睡覺,3600,睡覺,3600,睡覺,3600,睡覺,3600
第51天,起床,67,刷牙,200,上廁所,200,吃飯,3655,休閒活動,3100,吃飯,3100,休閒活動,2000,休閒活動,2000,上廁所,200,休閒活動,3523,休閒活動,3600,上廁所,200,吃飯,600,休閒活動,3600,休閒活動,3523,刷牙,600,睡覺,3600,睡覺,3600,睡覺,3600,睡覺,3600,睡覺,3600,睡覺,3600,睡覺,3600,睡覺,3600
第52天,起床,50,刷牙,900,上廁所,900,吃飯,2467,休閒活動,3230,吃飯,3230,休閒活動,3100,休閒活動,3100,上廁所,900,休閒活動,3600,休閒活動,3100,上廁所,900,吃飯,600,休閒活動,3100,休閒活動,3600,刷牙,600,睡覺,3600,睡覺,3600,睡覺,3600,睡覺,3600,睡覺,3600,睡覺,3600,睡覺,3600,睡覺,3600
第53天,起床,30,刷牙,350,上廁所,350,吃飯,2300,休閒活動,2800,吃飯,2800,休閒活動,2134,休閒活動,2134,上廁所,350,休閒活動,3100,休閒活動,3230,上廁所,350,吃飯,600,休閒活動,3230,休閒活動,3100,刷牙,600,睡覺,3600,睡覺,3600,睡覺,3600,睡覺,3600,睡覺,3600,睡覺,3600,睡覺,3600,睡覺,3600
第54天,起床,35,刷牙,270,上廁所,270,吃飯,3638,休閒活動,2000,吃飯,2000,休閒活動,3523,休閒活動,2345,上廁所,270,休閒活動,3230,休閒活動,2800,上廁所,270,吃飯,600,休閒活動,2800,休閒活動,3230,刷牙,600,睡覺,3600,睡覺,3600,睡覺,3600,睡覺,3600,睡覺,3600,睡覺,3600,睡覺,3600,睡覺,3600
第55天,起床,32,刷牙,120,上廁所,120,吃飯,3655,休閒活動,3100,吃飯,3100,休閒活動,3600,休閒活動,2356,上廁所,120,休閒活動,2800,休閒活動,2000,上廁所,120,吃飯,600,休閒活動,2000,休閒活動,2800,刷牙,600,睡覺,3600,睡覺,3600,睡覺,3600,睡覺,3600,睡覺,3600,睡覺,3600,睡覺,3600,睡覺,3600
第56天,起床,31,刷牙,200,上廁所,200,吃飯,3487,休閒活動,2134,吃飯,2134,休閒活動,3100,休閒活動,3523,上廁所,200,休閒活動,2000,休閒活動,3100,上廁所,200,吃飯,600,休閒活動,3100,休閒活動,2000,刷牙,600,睡覺,3600,睡覺,3600,睡覺,3600,睡覺,3600,睡覺,3600,睡覺,3600,睡覺,3600,睡覺,3600
第57天,起床,40,刷牙,908,上廁所,908,吃飯,2657,休閒活動,3523,吃飯,3523,休閒活動,3230,休閒活動,3600,上廁所,908,休閒活動,3100,休閒活動,2134,上廁所,908,吃飯,600,休閒活動,2134,休閒活動,3100,刷牙,600,睡覺,3600,睡覺,3600,睡覺,3600,睡覺,3600,睡覺,3600,睡覺,3600,睡覺,3600,睡覺,3600
第58天,起床,60,刷牙,350,上廁所,350,吃飯,3655,休閒活動,3600,吃飯,3600,休閒活動,2800,休閒活動,3100,上廁所,350,休閒活動,3523,休閒活動,2345,上廁所,350,吃飯,600,休閒活動,2345,休閒活動,3523,刷牙,600,睡覺,3600,睡覺,3600,睡覺,3600,睡覺,3600,睡覺,3600,睡覺,3600,睡覺,3600,睡覺,3600
第59天,起床,30,刷牙,120,上廁所,120,吃飯,2467,休閒活動,3100,吃飯,3100,休閒活動,2000,休閒活動,3230,上廁所,120,休閒活動,3600,休閒活動,2356,上廁所,120,吃飯,600,休閒活動,2356,休閒活動,3600,刷牙,600,睡覺,3600,睡覺,3600,睡覺,3600,睡覺,3600,睡覺,3600,睡覺,3600,睡覺,3600,睡覺,3600
第60天,起床,36,刷牙,135,上廁所,135,吃飯,2300,休閒活動,3230,吃飯,3230,休閒活動,3100,休閒活動,2800,上廁所,135,休閒活動,3100,休閒活動,3523,上廁所,135,吃飯,600,休閒活動,3523,休閒活動,3100,刷牙,600,睡覺,3600,睡覺,3600,睡覺,3600,睡覺,3600,睡覺,3600,睡覺,3600,睡覺,3600,睡覺,3600
第61天,起床,38,刷牙,120,上廁所,120,吃飯,3600,休閒活動,2800,吃飯,2800,休閒活動,2134,休閒活動,2000,上廁所,120,休閒活動,3230,休閒活動,3600,上廁所,120,吃飯,600,休閒活動,3600,休閒活動,3230,刷牙,600,睡覺,3600,睡覺,3600,睡覺,3600,睡覺,3600,睡覺,3600,睡覺,3600,睡覺,3600,睡覺,3600
第62天,起床,50,刷牙,200,上廁所,200,吃飯,600,休閒活動,2000,吃飯,2000,休閒活動,2345,休閒活動,3100,上廁所,200,休閒活動,2800,休閒活動,3100,上廁所,200,吃飯,600,休閒活動,3100,休閒活動,2800,刷牙,600,睡覺,3600,睡覺,3600,睡覺,3600,睡覺,3600,睡覺,3600,睡覺,3600,睡覺,3600,睡覺,3600
第63天,起床,65,刷牙,906,上廁所,906,吃飯,3638,休閒活動,3100,吃飯,3100,休閒活動,2356,休閒活動,3523,上廁所,906,休閒活動,3523,休閒活動,3230,上廁所,906,吃飯,600,休閒活動,3230,休閒活動,3523,刷牙,600,睡覺,3600,睡覺,3600,睡覺,3600,睡覺,3600,睡覺,3600,睡覺,3600,睡覺,3600,睡覺,3600
第64天,起床,67,刷牙,350,上廁所,350,吃飯,3655,休閒活動,2134,吃飯,2134,休閒活動,3523,休閒活動,3600,上廁所,350,休閒活動,3600,休閒活動,2800,上廁所,350,吃飯,600,休閒活動,2800,休閒活動,3600,刷牙,600,睡覺,3600,睡覺,3600,睡覺,3600,睡覺,3600,睡覺,3600,睡覺,3600,睡覺,3600,睡覺,3600
第65天,起床,50,刷牙,270,上廁所,270,吃飯,3487,休閒活動,2345,吃飯,2345,休閒活動,3600,休閒活動,3100,上廁所,270,休閒活動,3100,休閒活動,2000,上廁所,270,吃飯,600,休閒活動,2000,休閒活動,3100,刷牙,600,睡覺,3600,睡覺,3600,睡覺,3600,睡覺,3600,睡覺,3600,睡覺,3600,睡覺,3600,睡覺,3600
第66天,起床,30,刷牙,120,上廁所,120,吃飯,2657,休閒活動,2356,吃飯,2356,休閒活動,3100,休閒活動,3230,上廁所,120,休閒活動,3230,休閒活動,3100,上廁所,120,吃飯,600,休閒活動,3100,休閒活動,3230,刷牙,600,睡覺,3600,睡覺,3600,睡覺,3600,睡覺,3600,睡覺,3600,睡覺,3600,睡覺,3600,睡覺,3600
第67天,起床,35,刷牙,200,上廁所,200,吃飯,3655,休閒活動,3523,吃飯,3523,休閒活動,3230,休閒活動,2800,上廁所,200,休閒活動,2800,休閒活動,3523,上廁所,200,吃飯,600,休閒活動,3523,休閒活動,2800,刷牙,600,睡覺,3600,睡覺,3600,睡覺,3600,睡覺,3600,睡覺,3600,睡覺,3600,睡覺,3600,睡覺,3600
第68天,起床,32,刷牙,900,上廁所,900,吃飯,2467,休閒活動,3600,吃飯,3600,休閒活動,2800,休閒活動,3523,上廁所,900,休閒活動,2000,休閒活動,3600,上廁所,900,吃飯,600,休閒活動,3600,休閒活動,2000,刷牙,600,睡覺,3600,睡覺,3600,睡覺,3600,睡覺,3600,睡覺,3600,睡覺,3600,睡覺,3600,睡覺,3600
第69天,起床,31,刷牙,350,上廁所,350,吃飯,2300,休閒活動,3100,吃飯,3100,休閒活動,2000,休閒活動,3600,上廁所,350,休閒活動,3100,休閒活動,3100,上廁所,350,吃飯,600,休閒活動,3100,休閒活動,3100,刷牙,600,睡覺,3600,睡覺,3600,睡覺,3600,睡覺,3600,睡覺,3600,睡覺,3600,睡覺,3600,睡覺,3600
第70天,起床,40,刷牙,120,上廁所,120,吃飯,3638,休閒活動,3230,吃飯,3230,休閒活動,3100,休閒活動,3100,上廁所,120,休閒活動,2134,休閒活動,3230,上廁所,120,吃飯,600,休閒活動,3230,休閒活動,2134,刷牙,600,睡覺,3600,睡覺,3600,睡覺,3600,睡覺,3600,睡覺,3600,睡覺,3600,睡覺,3600,睡覺,3600
第71天,起床,60,刷牙,131,上廁所,131,吃飯,3655,休閒活動,2800,吃飯,2800,休閒活動,3523,休閒活動,3230,上廁所,131,休閒活動,2345,休閒活動,2800,上廁所,131,吃飯,600,休閒活動,2800,休閒活動,2345,刷牙,600,睡覺,3600,睡覺,3600,睡覺,3600,睡覺,3600,睡覺,3600,睡覺,3600,睡覺,3600,睡覺,3600
第72天,起床,30,刷牙,120,上廁所,120,吃飯,3487,休閒活動,2000,吃飯,2000,休閒活動,3600,休閒活動,2800,上廁所,120,休閒活動,2356,休閒活動,3523,上廁所,120,吃飯,600,休閒活動,3523,休閒活動,2356,刷牙,600,睡覺,3600,睡覺,3600,睡覺,3600,睡覺,3600,睡覺,3600,睡覺,3600,睡覺,3600,睡覺,3600
第73天,起床,36,刷牙,200,上廁所,200,吃飯,2657,休閒活動,3100,吃飯,3100,休閒活動,3100,休閒活動,2000,上廁所,200,休閒活動,3523,休閒活動,3600,上廁所,200,吃飯,600,休閒活動,3600,休閒活動,3523,刷牙,600,睡覺,3600,睡覺,3600,睡覺,3600,睡覺,3600,睡覺,3600,睡覺,3600,睡覺,3600,睡覺,3600
第74天,起床,38,刷牙,900,上廁所,900,吃飯,3655,休閒活動,3523,吃飯,3523,休閒活動,3230,休閒活動,3100,上廁所,900,休閒活動,3600,休閒活動,3100,上廁所,900,吃飯,600,休閒活動,3100,休閒活動,3600,刷牙,600,睡覺,3600,睡覺,3600,睡覺,3600,睡覺,3600,睡覺,3600,睡覺,3600,睡覺,3600,睡覺,3600
第75天,起床,50,刷牙,350,上廁所,350,吃飯,2467,休閒活動,3600,吃飯,3600,休閒活動,2800,休閒活動,2134,上廁所,350,休閒活動,3100,休閒活動,3230,上廁所,350,吃飯,600,休閒活動,3230,休閒活動,3100,刷牙,600,睡覺,3600,睡覺,3600,睡覺,3600,睡覺,3600,睡覺,3600,睡覺,3600,睡覺,3600,睡覺,3600
第76天,起床,65,刷牙,270,上廁所,270,吃飯,2300,休閒活動,3100,吃飯,3100,休閒活動,3523,休閒活動,2345,上廁所,270,休閒活動,3230,休閒活動,2800,上廁所,270,吃飯,600,休閒活動,2800,休閒活動,3230,刷牙,600,睡覺,3600,睡覺,3600,睡覺,3600,睡覺,3600,睡覺,3600,睡覺,3600,睡覺,3600,睡覺,3600
第77天,起床,67,刷牙,120,上廁所,120,吃飯,3600,休閒活動,3230,吃飯,3230,休閒活動,3600,休閒活動,2356,上廁所,120,休閒活動,2800,休閒活動,2000,上廁所,120,吃飯,600,休閒活動,2000,休閒活動,2800,刷牙,600,睡覺,3600,睡覺,3600,睡覺,3600,睡覺,3600,睡覺,3600,睡覺,3600,睡覺,3600,睡覺,3600
第78天,起床,50,刷牙,120,上廁所,120,吃飯,3638,休閒活動,2800,吃飯,2800,休閒活動,3100,休閒活動,3523,上廁所,120,休閒活動,2000,休閒活動,3100,上廁所,120,吃飯,600,休閒活動,3100,休閒活動,2000,刷牙,600,睡覺,3600,睡覺,3600,睡覺,3600,睡覺,3600,睡覺,3600,睡覺,3600,睡覺,3600,睡覺,3600
第79天,起床,30,刷牙,131,上廁所,131,吃飯,3655,休閒活動,3523,吃飯,3523,休閒活動,3230,休閒活動,3600,上廁所,131,休閒活動,3100,休閒活動,2134,上廁所,131,吃飯,600,休閒活動,2134,休閒活動,3100,刷牙,600,睡覺,3600,睡覺,3600,睡覺,3600,睡覺,3600,睡覺,3600,睡覺,3600,睡覺,3600,睡覺,3600
第80天,起床,35,刷牙,120,上廁所,120,吃飯,3487,休閒活動,3600,吃飯,3600,休閒活動,2800,休閒活動,3100,上廁所,120,休閒活動,3523,休閒活動,2345,上廁所,120,吃飯,600,休閒活動,2345,休閒活動,3523,刷牙,600,睡覺,3600,睡覺,3600,睡覺,3600,睡覺,3600,睡覺,3600,睡覺,3600,睡覺,3600,睡覺,3600
第81天,起床,32,刷牙,200,上廁所,200,吃飯,2657,休閒活動,3100,吃飯,3100,休閒活動,2000,休閒活動,3230,上廁所,200,休閒活動,3600,休閒活動,2356,上廁所,200,吃飯,600,休閒活動,2356,休閒活動,3600,刷牙,600,睡覺,3600,睡覺,3600,睡覺,3600,睡覺,3600,睡覺,3600,睡覺,3600,睡覺,3600,睡覺,3600
第82天,起床,31,刷牙,900,上廁所,900,吃飯,3655,休閒活動,3230,吃飯,3230,休閒活動,3100,休閒活動,2800,上廁所,900,休閒活動,3100,休閒活動,3523,上廁所,900,吃飯,600,休閒活動,3523,休閒活動,3100,刷牙,600,睡覺,3600,睡覺,3600,睡覺,3600,睡覺,3600,睡覺,3600,睡覺,3600,睡覺,3600,睡覺,3600
第83天,起床,40,刷牙,350,上廁所,350,吃飯,2467,休閒活動,2800,吃飯,2800,休閒活動,2134,休閒活動,2000,上廁所,350,休閒活動,3230,休閒活動,3600,上廁所,350,吃飯,600,休閒活動,3600,休閒活動,3230,刷牙,600,睡覺,3600,睡覺,3600,睡覺,3600,睡覺,3600,睡覺,3600,睡覺,3600,睡覺,3600,睡覺,3600
第84天,起床,60,刷牙,270,上廁所,270,吃飯,2300,休閒活動,2000,吃飯,2000,休閒活動,2345,休閒活動,3100,上廁所,270,休閒活動,2800,休閒活動,3100,上廁所,270,吃飯,600,休閒活動,3100,休閒活動,2800,刷牙,600,睡覺,3600,睡覺,3600,睡覺,3600,睡覺,3600,睡覺,3600,睡覺,3600,睡覺,3600,睡覺,3600
第85天,起床,30,刷牙,120,上廁所,120,吃飯,3638,休閒活動,3100,吃飯,3100,休閒活動,2356,休閒活動,3523,上廁所,120,休閒活動,2000,休閒活動,3230,上廁所,120,吃飯,600,休閒活動,3230,休閒活動,2000,刷牙,600,睡覺,3600,睡覺,3600,睡覺,3600,睡覺,3600,睡覺,3600,睡覺,3600,睡覺,3600,睡覺,3600
第86天,起床,36,刷牙,120,上廁所,120,吃飯,3655,休閒活動,2134,吃飯,2134,休閒活動,3523,休閒活動,3600,上廁所,120,休閒活動,3100,休閒活動,2800,上廁所,120,吃飯,600,休閒活動,2800,休閒活動,3100,刷牙,600,睡覺,3600,睡覺,3600,睡覺,3600,睡覺,3600,睡覺,3600,睡覺,3600,睡覺,3600,睡覺,3600
第87天,起床,38,刷牙,131,上廁所,131,吃飯,3487,休閒活動,2345,吃飯,2345,休閒活動,3600,休閒活動,3100,上廁所,131,休閒活動,2134,休閒活動,2000,上廁所,131,吃飯,600,休閒活動,2000,休閒活動,2134,刷牙,600,睡覺,3600,睡覺,3600,睡覺,3600,睡覺,3600,睡覺,3600,睡覺,3600,睡覺,3600,睡覺,3600
第88天,起床,50,刷牙,120,上廁所,120,吃飯,2657,休閒活動,2356,吃飯,2356,休閒活動,3100,休閒活動,3230,上廁所,120,休閒活動,3523,休閒活動,3100,上廁所,120,吃飯,600,休閒活動,3100,休閒活動,3523,刷牙,600,睡覺,3600,睡覺,3600,睡覺,3600,睡覺,3600,睡覺,3600,睡覺,3600,睡覺,3600,睡覺,3600
第89天,起床,65,刷牙,200,上廁所,200,吃飯,3655,吃飯,3523,吃飯,3523,休閒活動,3230,吃飯,2800,吃飯,200,吃飯,3600,休閒活動,3523,上廁所,200,吃飯,600,休閒活動,3523,休閒活動,3600,刷牙,600,睡覺,3600,睡覺,3600,睡覺,3600,睡覺,3600,睡覺,3600,睡覺,3600,睡覺,3600,睡覺,3600
第90天,起床,67,刷牙,900,上廁所,900,吃飯,2467,吃飯,3600,吃飯,3600,休閒活動,2800,吃飯,2000,吃飯,900,吃飯,3100,休閒活動,3600,上廁所,900,吃飯,600,休閒活動,3600,休閒活動,3100,刷牙,600,睡覺,3600,睡覺,3600,睡覺,3600,睡覺,3600,睡覺,3600,睡覺,3600,睡覺,3600,睡覺,3600
第91天,起床,50,刷牙,350,上廁所,350,吃飯,2300,吃飯,3100,吃飯,3100,休閒活動,2000,吃飯,3100,吃飯,350,吃飯,3230,休閒活動,3100,上廁所,350,吃飯,600,休閒活動,3100,休閒活動,3230,刷牙,600,睡覺,3600,睡覺,3600,睡覺,3600,睡覺,3600,睡覺,3600,睡覺,3600,睡覺,3600,睡覺,3600
第92天,起床,30,刷牙,270,上廁所,270,吃飯,3600,吃飯,3230,吃飯,3230,休閒活動,3100,吃飯,2134,吃飯,270,吃飯,2800,休閒活動,3230,上廁所,270,吃飯,600,休閒活動,3230,休閒活動,2800,刷牙,600,睡覺,3600,睡覺,3600,睡覺,3600,睡覺,3600,睡覺,3600,睡覺,3600,睡覺,3600,睡覺,3600
第93天,起床,35,刷牙,120,上廁所,120,吃飯,600,吃飯,2800,吃飯,2800,休閒活動,3523,吃飯,3523,吃飯,120,吃飯,2000,休閒活動,2800,上廁所,120,吃飯,600,休閒活動,2800,休閒活動,2000,刷牙,600,睡覺,3600,睡覺,3600,睡覺,3600,睡覺,3600,睡覺,3600,睡覺,3600,睡覺,3600,睡覺,3600
第94天,起床,32,刷牙,120,上廁所,120,吃飯,3638,吃飯,2000,吃飯,2000,休閒活動,3600,吃飯,3600,吃飯,120,吃飯,3100,休閒活動,2000,上廁所,120,吃飯,600,休閒活動,2000,休閒活動,3100,刷牙,600,睡覺,3600,睡覺,3600,睡覺,3600,睡覺,3600,睡覺,3600,睡覺,3600,睡覺,3600,睡覺,3600
第95天,起床,31,刷牙,121,上廁所,121,吃飯,3655,休閒活動,3100,吃飯,3100,休閒活動,3100,休閒活動,3100,上廁所,121,休閒活動,2134,休閒活動,3100,上廁所,121,吃飯,600,休閒活動,3100,休閒活動,2134,刷牙,600,睡覺,3600,睡覺,3600,睡覺,3600,睡覺,3600,睡覺,3600,睡覺,3600,睡覺,3600,睡覺,3600
第96天,起床,40,刷牙,126,上廁所,126,吃飯,3487,休閒活動,3523,吃飯,3523,休閒活動,3230,休閒活動,3230,上廁所,126,休閒活動,2345,休閒活動,2134,上廁所,126,吃飯,600,休閒活動,2134,休閒活動,2345,刷牙,600,睡覺,3600,睡覺,3600,睡覺,3600,睡覺,3600,睡覺,3600,睡覺,3600,睡覺,3600,睡覺,3600
第97天,起床,60,刷牙,120,上廁所,120,吃飯,2657,休閒活動,3600,吃飯,3600,休閒活動,2800,休閒活動,2800,上廁所,120,休閒活動,2356,休閒活動,3523,上廁所,120,吃飯,600,休閒活動,3523,休閒活動,2356,刷牙,600,睡覺,3600,睡覺,3600,睡覺,3600,睡覺,3600,睡覺,3600,睡覺,3600,睡覺,3600,睡覺,3600
第98天,起床,30,刷牙,120,上廁所,120,吃飯,3655,休閒活動,3100,吃飯,3100,休閒活動,2000,休閒活動,2000,上廁所,120,休閒活動,3523,休閒活動,3600,上廁所,120,吃飯,600,休閒活動,3600,休閒活動,3523,刷牙,600,睡覺,3600,睡覺,3600,睡覺,3600,睡覺,3600,睡覺,3600,睡覺,3600,睡覺,3600,睡覺,3600
第99天,起床,36,刷牙,127,上廁所,127,吃飯,2467,休閒活動,3230,吃飯,3230,休閒活動,3100,休閒活動,3100,上廁所,127,休閒活動,3600,休閒活動,3100,上廁所,127,吃飯,600,休閒活動,3100,休閒活動,3600,刷牙,600,睡覺,3600,睡覺,3600,睡覺,3600,睡覺,3600,睡覺,3600,睡覺,3600,睡覺,3600,睡覺,3600
第100天,起床,38,刷牙,120,上廁所,120,吃飯,2300,休閒活動,2800,吃飯,2800,休閒活動,2134,休閒活動,2134,上廁所,120,休閒活動,3100,休閒活動,3230,上廁所,120,吃飯,600,休閒活動,3230,休閒活動,3100,刷牙,600,睡覺,3600,睡覺,3600,睡覺,3600,睡覺,3600,睡覺,3600,睡覺,3600,睡覺,3600,睡覺,3600
第101天,起床,50,刷牙,120,上廁所,120,吃飯,3638,休閒活動,2000,吃飯,2000,休閒活動,3523,休閒活動,2345,上廁所,120,休閒活動,3230,休閒活動,2800,上廁所,120,吃飯,600,休閒活動,2800,休閒活動,3230,刷牙,600,睡覺,3600,睡覺,3600,睡覺,3600,睡覺,3600,睡覺,3600,睡覺,3600,睡覺,3600,睡覺,3600
第102天,起床,65,刷牙,135,上廁所,135,吃飯,3655,休閒活動,3100,吃飯,3100,休閒活動,3600,休閒活動,2356,上廁所,135,休閒活動,2800,休閒活動,2000,上廁所,135,吃飯,600,休閒活動,2000,休閒活動,2800,刷牙,600,睡覺,3600,睡覺,3600,睡覺,3600,睡覺,3600,睡覺,3600,睡覺,3600,睡覺,3600,睡覺,3600
第103天,起床,67,刷牙,120,上廁所,120,吃飯,3487,休閒活動,2134,吃飯,2134,休閒活動,3100,休閒活動,3523,上廁所,120,休閒活動,2000,休閒活動,3100,上廁所,120,吃飯,600,休閒活動,3100,休閒活動,2000,刷牙,600,睡覺,3600,睡覺,3600,睡覺,3600,睡覺,3600,睡覺,3600,睡覺,3600,睡覺,3600,睡覺,3600
第104天,起床,50,刷牙,200,上廁所,200,吃飯,2657,休閒活動,3523,吃飯,3523,休閒活動,3230,休閒活動,3600,上廁所,200,休閒活動,3100,休閒活動,2134,上廁所,200,吃飯,600,休閒活動,2134,休閒活動,3100,刷牙,600,睡覺,3600,睡覺,3600,睡覺,3600,睡覺,3600,睡覺,3600,睡覺,3600,睡覺,3600,睡覺,3600
第105天,起床,30,刷牙,900,上廁所,900,吃飯,3655,休閒活動,3600,吃飯,3600,休閒活動,2800,休閒活動,3100,上廁所,900,休閒活動,3523,休閒活動,2345,上廁所,900,吃飯,600,休閒活動,2345,休閒活動,3523,刷牙,600,睡覺,3600,睡覺,3600,睡覺,3600,睡覺,3600,睡覺,3600,睡覺,3600,睡覺,3600,睡覺,3600
第106天,起床,35,刷牙,350,上廁所,350,吃飯,2467,休閒活動,3100,吃飯,3100,休閒活動,2000,休閒活動,3230,上廁所,350,休閒活動,3600,休閒活動,2356,上廁所,350,吃飯,600,休閒活動,2356,休閒活動,3600,刷牙,600,睡覺,3600,睡覺,3600,睡覺,3600,睡覺,3600,睡覺,3600,睡覺,3600,睡覺,3600,睡覺,3600
第107天,起床,32,刷牙,270,上廁所,270,吃飯,2300,休閒活動,3230,吃飯,3230,休閒活動,3100,休閒活動,2800,上廁所,270,休閒活動,3100,休閒活動,3523,上廁所,270,吃飯,600,休閒活動,3523,休閒活動,3100,刷牙,600,睡覺,3600,睡覺,3600,睡覺,3600,睡覺,3600,睡覺,3600,睡覺,3600,睡覺,3600,睡覺,3600
第108天,起床,31,刷牙,120,上廁所,120,吃飯,3600,休閒活動,2800,吃飯,2800,休閒活動,2134,休閒活動,2000,上廁所,120,休閒活動,3230,休閒活動,3600,上廁所,120,吃飯,600,休閒活動,3600,休閒活動,3230,刷牙,600,睡覺,3600,睡覺,3600,睡覺,3600,睡覺,3600,睡覺,3600,睡覺,3600,睡覺,3600,睡覺,3600
第109天,起床,40,刷牙,135,上廁所,135,吃飯,3638,休閒活動,2000,吃飯,2000,休閒活動,2345,休閒活動,3100,上廁所,135,休閒活動,2800,休閒活動,3100,上廁所,135,吃飯,600,休閒活動,3100,休閒活動,2800,刷牙,600,睡覺,3600,睡覺,3600,睡覺,3600,睡覺,3600,睡覺,3600,睡覺,3600,睡覺,3600,睡覺,3600
第110天,起床,60,刷牙,120,上廁所,120,吃飯,3655,休閒活動,3100,吃飯,3100,休閒活動,2356,休閒活動,3523,上廁所,120,休閒活動,2000,休閒活動,3230,上廁所,120,吃飯,600,休閒活動,3230,休閒活動,2000,刷牙,600,睡覺,3600,睡覺,3600,睡覺,3600,睡覺,3600,睡覺,3600,睡覺,3600,睡覺,3600,睡覺,3600
第111天,起床,30,刷牙,200,上廁所,200,吃飯,3487,休閒活動,2134,吃飯,2134,休閒活動,3523,休閒活動,3600,上廁所,200,休閒活動,3100,休閒活動,2800,上廁所,200,吃飯,600,休閒活動,2800,休閒活動,3100,刷牙,600,睡覺,3600,睡覺,3600,睡覺,3600,睡覺,3600,睡覺,3600,睡覺,3600,睡覺,3600,睡覺,3600
第112天,起床,36,刷牙,900,上廁所,900,吃飯,2657,休閒活動,2345,吃飯,2345,休閒活動,3600,休閒活動,3100,上廁所,900,休閒活動,2134,休閒活動,2000,上廁所,900,吃飯,600,休閒活動,2000,休閒活動,2134,刷牙,600,睡覺,3600,睡覺,3600,睡覺,3600,睡覺,3600,睡覺,3600,睡覺,3600,睡覺,3600,睡覺,3600
第113天,起床,38,刷牙,350,上廁所,350,吃飯,3655,休閒活動,2356,吃飯,2356,休閒活動,3100,休閒活動,3230,上廁所,350,休閒活動,3523,休閒活動,3100,上廁所,350,吃飯,600,休閒活動,3100,休閒活動,3523,刷牙,600,睡覺,3600,睡覺,3600,睡覺,3600,睡覺,3600,睡覺,3600,睡覺,3600,睡覺,3600,睡覺,3600
第114天,起床,50,刷牙,120,上廁所,120,吃飯,2467,休閒活動,3523,吃飯,3523,休閒活動,3230,休閒活動,2800,上廁所,120,休閒活動,3600,休閒活動,3523,上廁所,120,吃飯,600,休閒活動,3523,休閒活動,3600,刷牙,600,睡覺,3600,睡覺,3600,睡覺,3600,睡覺,3600,睡覺,3600,睡覺,3600,睡覺,3600,睡覺,3600
第115天,起床,65,刷牙,135,上廁所,135,吃飯,2300,休閒活動,3600,吃飯,3600,休閒活動,2800,休閒活動,2000,上廁所,135,休閒活動,3100,休閒活動,3600,上廁所,135,吃飯,600,休閒活動,3600,休閒活動,3100,刷牙,600,睡覺,3600,睡覺,3600,睡覺,3600,睡覺,3600,睡覺,3600,睡覺,3600,睡覺,3600,睡覺,3600
第116天,起床,67,刷牙,120,上廁所,120,吃飯,3638,休閒活動,3100,吃飯,3100,休閒活動,2000,休閒活動,3100,上廁所,120,休閒活動,3230,休閒活動,3100,上廁所,120,吃飯,600,休閒活動,3100,休閒活動,3230,刷牙,600,睡覺,3600,睡覺,3600,睡覺,3600,睡覺,3600,睡覺,3600,睡覺,3600,睡覺,3600,睡覺,3600
第117天,起床,50,刷牙,200,上廁所,200,吃飯,3655,休閒活動,3230,吃飯,3230,休閒活動,3100,休閒活動,2134,上廁所,200,休閒活動,2800,休閒活動,3230,上廁所,200,吃飯,600,休閒活動,3230,休閒活動,2800,刷牙,600,睡覺,3600,睡覺,3600,睡覺,3600,睡覺,3600,睡覺,3600,睡覺,3600,睡覺,3600,睡覺,3600
第118天,起床,30,刷牙,900,上廁所,900,吃飯,3487,休閒活動,2800,吃飯,2800,休閒活動,3523,休閒活動,3523,上廁所,900,休閒活動,2000,休閒活動,2800,上廁所,900,吃飯,600,休閒活動,2800,休閒活動,2000,刷牙,600,睡覺,3600,睡覺,3600,睡覺,3600,睡覺,3600,睡覺,3600,睡覺,3600,睡覺,3600,睡覺,3600
第119天,起床,35,刷牙,350,上廁所,350,吃飯,2657,休閒活動,2000,吃飯,2000,休閒活動,3600,休閒活動,3600,上廁所,350,休閒活動,3100,休閒活動,2000,上廁所,350,吃飯,600,休閒活動,2000,休閒活動,3100,刷牙,600,睡覺,3600,睡覺,3600,睡覺,3600,睡覺,3600,睡覺,3600,睡覺,3600,睡覺,3600,睡覺,3600
第120天,起床,32,刷牙,120,上廁所,120,吃飯,3655,休閒活動,3100,吃飯,3100,休閒活動,3100,休閒活動,3100,上廁所,120,休閒活動,2134,休閒活動,3100,上廁所,120,吃飯,600,休閒活動,3100,休閒活動,2134,刷牙,600,睡覺,3600,睡覺,3600,睡覺,3600,睡覺,3600,睡覺,3600,睡覺,3600,睡覺,3600,睡覺,3600
第121天,起床,31,刷牙,135,上廁所,135,吃飯,2467,休閒活動,3523,吃飯,3523,休閒活動,3230,休閒活動,3230,上廁所,135,休閒活動,2345,休閒活動,2134,上廁所,135,吃飯,600,休閒活動,2134,休閒活動,2345,刷牙,600,睡覺,3600,睡覺,3600,睡覺,3600,睡覺,3600,睡覺,3600,睡覺,3600,睡覺,3600,睡覺,3600
第122天,起床,40,刷牙,120,上廁所,120,吃飯,2300,休閒活動,3600,吃飯,3600,休閒活動,2800,休閒活動,2800,上廁所,120,休閒活動,2356,休閒活動,3523,上廁所,120,吃飯,600,休閒活動,3523,休閒活動,2356,刷牙,600,睡覺,3600,睡覺,3600,睡覺,3600,睡覺,3600,睡覺,3600,睡覺,3600,睡覺,3600,睡覺,3600
第123天,起床,60,刷牙,200,上廁所,200,吃飯,3600,休閒活動,3100,吃飯,3100,休閒活動,2000,休閒活動,2000,上廁所,200,休閒活動,3523,休閒活動,3600,上廁所,200,吃飯,600,休閒活動,3600,休閒活動,3523,刷牙,600,睡覺,3600,睡覺,3600,睡覺,3600,睡覺,3600,睡覺,3600,睡覺,3600,睡覺,3600,睡覺,3600
第124天,起床,30,刷牙,900,上廁所,900,吃飯,600,休閒活動,3230,吃飯,3230,休閒活動,3100,休閒活動,3100,上廁所,900,休閒活動,3600,休閒活動,3100,上廁所,900,吃飯,600,休閒活動,3100,休閒活動,3600,刷牙,600,睡覺,3600,睡覺,3600,睡覺,3600,睡覺,3600,睡覺,3600,睡覺,3600,睡覺,3600,睡覺,3600
第125天,起床,36,刷牙,350,上廁所,350,吃飯,3638,休閒活動,2800,吃飯,2800,休閒活動,2134,休閒活動,2134,上廁所,350,休閒活動,3100,休閒活動,3230,上廁所,350,吃飯,600,休閒活動,3230,休閒活動,3100,刷牙,600,睡覺,3600,睡覺,3600,睡覺,3600,睡覺,3600,睡覺,3600,睡覺,3600,睡覺,3600,睡覺,3600
第126天,起床,38,刷牙,350,上廁所,350,吃飯,3655,休閒活動,2000,吃飯,2000,休閒活動,3523,休閒活動,2345,上廁所,350,休閒活動,3230,休閒活動,2800,上廁所,350,吃飯,600,休閒活動,2800,休閒活動,3230,刷牙,600,睡覺,3600,睡覺,3600,睡覺,3600,睡覺,3600,睡覺,3600,睡覺,3600,睡覺,3600,睡覺,3600
第127天,起床,50,刷牙,120,上廁所,120,吃飯,3487,休閒活動,3100,吃飯,3100,休閒活動,3600,休閒活動,2356,上廁所,120,休閒活動,2800,休閒活動,2000,上廁所,120,吃飯,600,休閒活動,2000,休閒活動,2800,刷牙,600,睡覺,3600,睡覺,3600,睡覺,3600,睡覺,3600,睡覺,3600,睡覺,3600,睡覺,3600,睡覺,3600
第128天,起床,65,刷牙,135,上廁所,135,吃飯,2657,休閒活動,2134,吃飯,2134,休閒活動,3100,休閒活動,3523,上廁所,135,休閒活動,2000,休閒活動,3100,上廁所,135,吃飯,600,休閒活動,3100,休閒活動,2000,刷牙,600,睡覺,3600,睡覺,3600,睡覺,3600,睡覺,3600,睡覺,3600,睡覺,3600,睡覺,3600,睡覺,3600
第129天,起床,67,刷牙,120,上廁所,120,吃飯,3655,休閒活動,3523,吃飯,3523,休閒活動,3230,休閒活動,3600,上廁所,120,休閒活動,3100,休閒活動,2134,上廁所,120,吃飯,600,休閒活動,2134,休閒活動,3100,刷牙,600,睡覺,3600,睡覺,3600,睡覺,3600,睡覺,3600,睡覺,3600,睡覺,3600,睡覺,3600,睡覺,3600
第130天,起床,50,刷牙,200,上廁所,200,吃飯,2467,休閒活動,3600,吃飯,3600,休閒活動,2800,休閒活動,3100,上廁所,200,休閒活動,3523,休閒活動,2345,上廁所,200,吃飯,600,休閒活動,2345,休閒活動,3523,刷牙,600,睡覺,3600,睡覺,3600,睡覺,3600,睡覺,3600,睡覺,3600,睡覺,3600,睡覺,3600,睡覺,3600
第131天,起床,30,刷牙,900,上廁所,900,吃飯,2300,休閒活動,3100,吃飯,3100,休閒活動,2000,休閒活動,3230,上廁所,900,休閒活動,3600,休閒活動,2356,上廁所,900,吃飯,600,休閒活動,2356,休閒活動,3600,刷牙,600,睡覺,3600,睡覺,3600,睡覺,3600,睡覺,3600,睡覺,3600,睡覺,3600,睡覺,3600,睡覺,3600
第132天,起床,35,刷牙,350,上廁所,350,吃飯,3638,休閒活動,3230,吃飯,3230,休閒活動,3100,休閒活動,2800,上廁所,350,休閒活動,3100,休閒活動,3523,上廁所,350,吃飯,600,休閒活動,3523,休閒活動,3100,刷牙,600,睡覺,3600,睡覺,3600,睡覺,3600,睡覺,3600,睡覺,3600,睡覺,3600,睡覺,3600,睡覺,3600
第133天,起床,32,刷牙,120,上廁所,120,吃飯,3655,休閒活動,2800,吃飯,2800,休閒活動,2134,休閒活動,2000,上廁所,120,休閒活動,3230,休閒活動,3600,上廁所,120,吃飯,600,休閒活動,3600,休閒活動,3230,刷牙,600,睡覺,3600,睡覺,3600,睡覺,3600,睡覺,3600,睡覺,3600,睡覺,3600,睡覺,3600,睡覺,3600
第134天,起床,31,刷牙,135,上廁所,135,吃飯,3487,休閒活動,2000,吃飯,2000,休閒活動,2345,休閒活動,3100,上廁所,135,休閒活動,2800,休閒活動,3100,上廁所,135,吃飯,600,休閒活動,3100,休閒活動,2800,刷牙,600,睡覺,3600,睡覺,3600,睡覺,3600,睡覺,3600,睡覺,3600,睡覺,3600,睡覺,3600,睡覺,3600
第135天,起床,40,刷牙,120,上廁所,120,吃飯,2657,休閒活動,3100,吃飯,3100,休閒活動,2356,休閒活動,3523,上廁所,120,休閒活動,2000,休閒活動,3230,上廁所,120,吃飯,600,休閒活動,3230,休閒活動,2000,刷牙,600,睡覺,3600,睡覺,3600,睡覺,3600,睡覺,3600,睡覺,3600,睡覺,3600,睡覺,3600,睡覺,3600
第136天,起床,60,刷牙,200,上廁所,200,吃飯,3655,休閒活動,2134,吃飯,2134,休閒活動,3523,休閒活動,3600,上廁所,200,休閒活動,3100,休閒活動,2800,上廁所,200,吃飯,600,休閒活動,2800,休閒活動,3100,刷牙,600,睡覺,3600,睡覺,3600,睡覺,3600,睡覺,3600,睡覺,3600,睡覺,3600,睡覺,3600,睡覺,3600
第137天,起床,30,刷牙,900,上廁所,900,吃飯,2467,休閒活動,2345,吃飯,2345,休閒活動,3600,休閒活動,3100,上廁所,900,休閒活動,2134,休閒活動,2000,上廁所,900,吃飯,600,休閒活動,2000,休閒活動,2134,刷牙,600,睡覺,3600,睡覺,3600,睡覺,3600,睡覺,3600,睡覺,3600,睡覺,3600,睡覺,3600,睡覺,3600
第138天,起床,36,刷牙,350,上廁所,350,吃飯,2300,休閒活動,2356,吃飯,2356,休閒活動,3100,休閒活動,3230,上廁所,350,休閒活動,3523,休閒活動,3100,上廁所,350,吃飯,600,休閒活動,3100,休閒活動,3523,刷牙,600,睡覺,3600,睡覺,3600,睡覺,3600,睡覺,3600,睡覺,3600,睡覺,3600,睡覺,3600,睡覺,3600
第139天,起床,38,刷牙,270,上廁所,270,吃飯,3600,休閒活動,3523,吃飯,3523,休閒活動,3230,休閒活動,2800,上廁所,270,休閒活動,3600,休閒活動,3523,上廁所,270,吃飯,600,休閒活動,3523,休閒活動,3600,刷牙,600,睡覺,3600,睡覺,3600,睡覺,3600,睡覺,3600,睡覺,3600,睡覺,3600,睡覺,3600,睡覺,3600
第140天,起床,50,刷牙,120,上廁所,120,吃飯,3638,休閒活動,3600,吃飯,3600,休閒活動,2800,休閒活動,2000,上廁所,120,休閒活動,3100,休閒活動,3600,上廁所,120,吃飯,600,休閒活動,3600,休閒活動,3100,刷牙,600,睡覺,3600,睡覺,3600,睡覺,3600,睡覺,3600,睡覺,3600,睡覺,3600,睡覺,3600,睡覺,3600
第141天,起床,65,刷牙,135,上廁所,135,吃飯,3655,休閒活動,3100,吃飯,3100,休閒活動,2000,休閒活動,3100,上廁所,135,休閒活動,3230,休閒活動,3100,上廁所,135,吃飯,600,休閒活動,3100,休閒活動,3230,刷牙,600,睡覺,3600,睡覺,3600,睡覺,3600,睡覺,3600,睡覺,3600,睡覺,3600,睡覺,3600,睡覺,3600
第142天,起床,67,刷牙,120,上廁所,120,吃飯,3487,休閒活動,3230,吃飯,3230,休閒活動,3100,休閒活動,2134,上廁所,120,休閒活動,2800,休閒活動,3230,上廁所,120,吃飯,600,休閒活動,3230,休閒活動,2800,刷牙,600,睡覺,3600,睡覺,3600,睡覺,3600,睡覺,3600,睡覺,3600,睡覺,3600,睡覺,3600,睡覺,3600
第143天,起床,50,刷牙,200,上廁所,200,吃飯,2657,休閒活動,2800,吃飯,2800,休閒活動,3523,休閒活動,3523,上廁所,200,休閒活動,2000,吃飯,2800,吃飯,200,吃飯,600,休閒活動,2800,休閒活動,2000,刷牙,600,睡覺,3600,睡覺,3600,睡覺,3600,睡覺,3600,睡覺,3600,睡覺,3600,睡覺,3600,睡覺,3600
第144天,起床,30,刷牙,900,上廁所,900,吃飯,3655,休閒活動,2000,吃飯,2000,休閒活動,3600,休閒活動,3600,上廁所,900,休閒活動,3100,吃飯,2000,吃飯,900,吃飯,600,休閒活動,2000,休閒活動,3100,刷牙,600,睡覺,3600,睡覺,3600,睡覺,3600,睡覺,3600,睡覺,3600,睡覺,3600,睡覺,3600,睡覺,3600
第145天,起床,35,刷牙,350,上廁所,350,吃飯,2467,休閒活動,3100,吃飯,3100,休閒活動,3100,休閒活動,3100,上廁所,350,休閒活動,2134,休閒活動,3100,上廁所,350,吃飯,600,休閒活動,3100,休閒活動,2134,刷牙,600,睡覺,3600,睡覺,3600,睡覺,3600,睡覺,3600,睡覺,3600,睡覺,3600,睡覺,3600,睡覺,3600
第146天,起床,32,刷牙,120,上廁所,120,吃飯,2300,休閒活動,3523,吃飯,3523,休閒活動,3230,休閒活動,3230,上廁所,120,休閒活動,2345,休閒活動,2134,上廁所,120,吃飯,600,休閒活動,2134,休閒活動,2345,刷牙,600,睡覺,3600,睡覺,3600,睡覺,3600,睡覺,3600,睡覺,3600,睡覺,3600,睡覺,3600,睡覺,3600
第147天,起床,31,刷牙,135,上廁所,135,吃飯,3638,休閒活動,3600,吃飯,3600,休閒活動,2800,休閒活動,2800,上廁所,135,休閒活動,2356,休閒活動,3523,上廁所,135,吃飯,600,休閒活動,3523,休閒活動,2356,刷牙,600,睡覺,3600,睡覺,3600,睡覺,3600,睡覺,3600,睡覺,3600,睡覺,3600,睡覺,3600,睡覺,3600
第148天,起床,40,刷牙,120,上廁所,120,吃飯,3655,休閒活動,3100,吃飯,3100,休閒活動,2000,休閒活動,2000,上廁所,120,休閒活動,3523,休閒活動,3600,上廁所,120,吃飯,600,休閒活動,3600,休閒活動,3523,刷牙,600,睡覺,3600,睡覺,3600,睡覺,3600,睡覺,3600,睡覺,3600,睡覺,3600,睡覺,3600,睡覺,3600
第149天,起床,60,刷牙,200,上廁所,200,吃飯,3487,休閒活動,3230,吃飯,3230,休閒活動,3100,休閒活動,3100,上廁所,200,休閒活動,3600,休閒活動,3100,上廁所,200,吃飯,600,休閒活動,3100,休閒活動,3600,刷牙,600,睡覺,3600,睡覺,3600,睡覺,3600,睡覺,3600,睡覺,3600,睡覺,3600,睡覺,3600,睡覺,3600
第150天,起床,30,刷牙,900,上廁所,900,吃飯,2657,休閒活動,2800,吃飯,2800,休閒活動,2134,休閒活動,2134,上廁所,900,休閒活動,3100,休閒活動,3230,上廁所,900,吃飯,600,休閒活動,3230,休閒活動,3100,刷牙,600,睡覺,3600,睡覺,3600,睡覺,3600,睡覺,3600,睡覺,3600,睡覺,3600,睡覺,3600,睡覺,3600
第151天,起床,36,刷牙,350,上廁所,350,吃飯,3655,休閒活動,2000,吃飯,2000,休閒活動,3523,休閒活動,2345,上廁所,350,休閒活動,3230,休閒活動,2800,上廁所,350,吃飯,600,休閒活動,2800,休閒活動,3230,刷牙,600,睡覺,3600,睡覺,3600,睡覺,3600,睡覺,3600,睡覺,3600,睡覺,3600,睡覺,3600,睡覺,3600
第152天,起床,38,刷牙,120,上廁所,120,吃飯,2467,休閒活動,3100,吃飯,3100,休閒活動,3600,休閒活動,2356,上廁所,120,休閒活動,2800,休閒活動,2000,上廁所,120,吃飯,600,休閒活動,2000,休閒活動,2800,刷牙,600,睡覺,3600,睡覺,3600,睡覺,3600,睡覺,3600,睡覺,3600,睡覺,3600,睡覺,3600,睡覺,3600
第153天,起床,50,刷牙,135,上廁所,135,吃飯,2300,休閒活動,2134,吃飯,2134,休閒活動,3100,休閒活動,3523,上廁所,135,休閒活動,2000,休閒活動,3100,上廁所,135,吃飯,600,休閒活動,3100,休閒活動,2000,刷牙,600,睡覺,3600,睡覺,3600,睡覺,3600,睡覺,3600,睡覺,3600,睡覺,3600,睡覺,3600,睡覺,3600
第154天,起床,30,刷牙,120,上廁所,120,吃飯,3600,休閒活動,3523,吃飯,3523,休閒活動,3230,休閒活動,3600,上廁所,120,休閒活動,3100,休閒活動,2134,上廁所,120,吃飯,600,休閒活動,2134,休閒活動,3100,刷牙,600,睡覺,3600,睡覺,3600,睡覺,3600,睡覺,3600,睡覺,3600,睡覺,3600,睡覺,3600,睡覺,3600
第155天,起床,35,刷牙,200,上廁所,200,吃飯,600,休閒活動,3600,吃飯,3600,休閒活動,2800,休閒活動,3100,上廁所,200,休閒活動,3523,休閒活動,2345,上廁所,200,吃飯,600,休閒活動,2345,休閒活動,3523,刷牙,600,睡覺,3600,睡覺,3600,睡覺,3600,睡覺,3600,睡覺,3600,睡覺,3600,睡覺,3600,睡覺,3600
第156天,起床,32,刷牙,900,上廁所,900,吃飯,3638,休閒活動,3100,吃飯,3100,休閒活動,2000,休閒活動,3230,上廁所,900,休閒活動,3600,休閒活動,2356,上廁所,900,吃飯,600,休閒活動,2356,休閒活動,3600,刷牙,600,睡覺,3600,睡覺,3600,睡覺,3600,睡覺,3600,睡覺,3600,睡覺,3600,睡覺,3600,睡覺,3600
第157天,起床,31,刷牙,350,上廁所,350,吃飯,3655,休閒活動,3230,吃飯,3230,休閒活動,3100,休閒活動,2800,上廁所,350,休閒活動,3100,休閒活動,3523,上廁所,350,吃飯,600,休閒活動,3523,休閒活動,3100,刷牙,600,睡覺,3600,睡覺,3600,睡覺,3600,睡覺,3600,睡覺,3600,睡覺,3600,睡覺,3600,睡覺,3600
第158天,起床,40,刷牙,120,上廁所,120,吃飯,3487,休閒活動,2800,吃飯,2800,休閒活動,2134,休閒活動,2000,上廁所,120,休閒活動,3230,休閒活動,3600,上廁所,120,吃飯,600,休閒活動,3600,休閒活動,3230,刷牙,600,睡覺,3600,睡覺,3600,睡覺,3600,睡覺,3600,睡覺,3600,睡覺,3600,睡覺,3600,睡覺,3600
第159天,起床,60,刷牙,120,上廁所,120,吃飯,2657,休閒活動,2000,吃飯,2000,休閒活動,2345,休閒活動,3100,上廁所,120,休閒活動,2800,休閒活動,3100,上廁所,120,吃飯,600,休閒活動,3100,休閒活動,2800,刷牙,600,睡覺,3600,睡覺,3600,睡覺,3600,睡覺,3600,睡覺,3600,睡覺,3600,睡覺,3600,睡覺,3600
第160天,起床,30,刷牙,135,上廁所,135,吃飯,3655,休閒活動,3100,吃飯,3100,休閒活動,2356,休閒活動,3523,上廁所,135,休閒活動,2000,休閒活動,3230,上廁所,135,吃飯,600,休閒活動,3230,休閒活動,2000,刷牙,600,睡覺,3600,睡覺,3600,睡覺,3600,睡覺,3600,睡覺,3600,睡覺,3600,睡覺,3600,睡覺,3600
第161天,起床,36,刷牙,120,上廁所,120,吃飯,2467,休閒活動,2134,吃飯,2134,休閒活動,3523,休閒活動,3600,上廁所,120,休閒活動,3100,休閒活動,2800,上廁所,120,吃飯,600,休閒活動,2800,休閒活動,3100,刷牙,600,睡覺,3600,睡覺,3600,睡覺,3600,睡覺,3600,睡覺,3600,睡覺,3600,睡覺,3600,睡覺,3600
第162天,起床,38,刷牙,200,上廁所,200,吃飯,2300,休閒活動,2345,吃飯,2345,休閒活動,3600,休閒活動,3100,上廁所,200,休閒活動,2134,休閒活動,2000,上廁所,200,吃飯,600,休閒活動,2000,休閒活動,2134,刷牙,600,睡覺,3600,睡覺,3600,睡覺,3600,睡覺,3600,睡覺,3600,睡覺,3600,睡覺,3600,睡覺,3600
第163天,起床,50,刷牙,900,上廁所,900,吃飯,3638,休閒活動,2356,吃飯,2356,休閒活動,3100,休閒活動,3230,上廁所,900,休閒活動,3523,休閒活動,3100,上廁所,900,吃飯,600,休閒活動,3100,休閒活動,3523,刷牙,600,睡覺,3600,睡覺,3600,睡覺,3600,睡覺,3600,睡覺,3600,睡覺,3600,睡覺,3600,睡覺,3600
第164天,起床,65,刷牙,350,上廁所,350,吃飯,3655,休閒活動,3523,吃飯,3523,休閒活動,3230,休閒活動,2800,上廁所,350,休閒活動,3600,休閒活動,3523,上廁所,350,吃飯,600,休閒活動,3523,休閒活動,3600,刷牙,600,睡覺,3600,睡覺,3600,睡覺,3600,睡覺,3600,睡覺,3600,睡覺,3600,睡覺,3600,睡覺,3600
第165天,起床,67,刷牙,270,上廁所,270,吃飯,3487,休閒活動,3600,吃飯,3600,休閒活動,2800,休閒活動,2000,上廁所,270,休閒活動,3100,休閒活動,3600,上廁所,270,吃飯,600,休閒活動,3600,休閒活動,3100,刷牙,600,睡覺,3600,睡覺,3600,睡覺,3600,睡覺,3600,睡覺,3600,睡覺,3600,睡覺,3600,睡覺,3600
第166天,起床,50,刷牙,120,上廁所,120,吃飯,2657,休閒活動,3100,吃飯,3100,休閒活動,2000,休閒活動,3100,上廁所,120,休閒活動,3230,休閒活動,3100,上廁所,120,吃飯,600,休閒活動,3100,休閒活動,3230,刷牙,600,睡覺,3600,睡覺,3600,睡覺,3600,睡覺,3600,睡覺,3600,睡覺,3600,睡覺,3600,睡覺,3600
第167天,起床,30,刷牙,135,上廁所,135,吃飯,3655,休閒活動,3230,吃飯,3230,休閒活動,3100,休閒活動,2134,上廁所,135,休閒活動,2800,休閒活動,3230,上廁所,135,吃飯,600,休閒活動,3230,休閒活動,2800,刷牙,600,睡覺,3600,睡覺,3600,睡覺,3600,睡覺,3600,睡覺,3600,睡覺,3600,睡覺,3600,睡覺,3600
第168天,起床,35,刷牙,120,上廁所,120,吃飯,2467,休閒活動,2800,吃飯,2800,休閒活動,3523,休閒活動,3523,上廁所,120,休閒活動,2000,休閒活動,2800,上廁所,120,吃飯,600,休閒活動,2800,休閒活動,2000,刷牙,600,睡覺,3600,睡覺,3600,睡覺,3600,睡覺,3600,睡覺,3600,睡覺,3600,睡覺,3600,睡覺,3600
第169天,起床,32,刷牙,200,上廁所,200,吃飯,2300,休閒活動,2000,吃飯,2000,休閒活動,3600,休閒活動,3600,上廁所,200,休閒活動,3100,休閒活動,2000,上廁所,200,吃飯,600,休閒活動,2000,休閒活動,3100,刷牙,600,睡覺,3600,睡覺,3600,睡覺,3600,睡覺,3600,睡覺,3600,睡覺,3600,睡覺,3600,睡覺,3600
第170天,起床,31,刷牙,900,上廁所,900,吃飯,3600,休閒活動,3100,吃飯,3100,休閒活動,3100,休閒活動,3100,上廁所,900,休閒活動,2134,休閒活動,3100,上廁所,900,吃飯,600,休閒活動,3100,休閒活動,2134,刷牙,600,睡覺,3600,睡覺,3600,睡覺,3600,睡覺,3600,睡覺,3600,睡覺,3600,睡覺,3600,睡覺,3600
第171天,起床,40,刷牙,350,上廁所,350,吃飯,3638,休閒活動,3523,吃飯,3523,休閒活動,3230,休閒活動,3230,上廁所,350,休閒活動,2345,休閒活動,2134,上廁所,350,吃飯,600,休閒活動,2134,休閒活動,2345,刷牙,600,睡覺,3600,睡覺,3600,睡覺,3600,睡覺,3600,睡覺,3600,睡覺,3600,睡覺,3600,睡覺,3600
第172天,起床,60,刷牙,120,上廁所,120,吃飯,3655,休閒活動,3600,吃飯,3600,休閒活動,2800,休閒活動,2800,上廁所,120,休閒活動,2356,休閒活動,3523,上廁所,120,吃飯,600,休閒活動,3523,休閒活動,2356,刷牙,600,睡覺,3600,睡覺,3600,睡覺,3600,睡覺,3600,睡覺,3600,睡覺,3600,睡覺,3600,睡覺,3600
第173天,起床,30,刷牙,135,上廁所,135,吃飯,3487,休閒活動,3100,吃飯,3100,休閒活動,2000,休閒活動,2000,上廁所,135,休閒活動,3523,休閒活動,3600,上廁所,135,吃飯,600,休閒活動,3600,休閒活動,3523,刷牙,600,睡覺,3600,睡覺,3600,睡覺,3600,睡覺,3600,睡覺,3600,睡覺,3600,睡覺,3600,睡覺,3600
第174天,起床,36,刷牙,120,上廁所,120,吃飯,2657,休閒活動,3230,吃飯,3230,休閒活動,3100,休閒活動,3100,上廁所,120,休閒活動,3600,休閒活動,3100,上廁所,120,吃飯,600,休閒活動,3100,休閒活動,3600,刷牙,600,睡覺,3600,睡覺,3600,睡覺,3600,睡覺,3600,睡覺,3600,睡覺,3600,睡覺,3600,睡覺,3600
第175天,起床,38,刷牙,200,上廁所,200,吃飯,3655,休閒活動,2800,吃飯,2800,休閒活動,2134,休閒活動,2134,上廁所,200,休閒活動,3100,休閒活動,3230,上廁所,200,吃飯,600,休閒活動,3230,休閒活動,3100,刷牙,600,睡覺,3600,睡覺,3600,睡覺,3600,睡覺,3600,睡覺,3600,睡覺,3600,睡覺,3600,睡覺,3600
第176天,起床,50,刷牙,900,上廁所,900,吃飯,2467,休閒活動,2000,吃飯,2000,休閒活動,3523,休閒活動,2345,上廁所,900,休閒活動,3230,休閒活動,2800,上廁所,900,吃飯,600,休閒活動,2800,休閒活動,3230,刷牙,600,睡覺,3600,睡覺,3600,睡覺,3600,睡覺,3600,睡覺,3600,睡覺,3600,睡覺,3600,睡覺,3600
第177天,起床,65,刷牙,350,上廁所,350,吃飯,2300,休閒活動,3100,吃飯,3100,休閒活動,3600,休閒活動,2356,上廁所,350,休閒活動,2800,吃飯,2000,吃飯,350,吃飯,600,休閒活動,2000,休閒活動,2800,刷牙,600,睡覺,3600,睡覺,3600,睡覺,3600,睡覺,3600,睡覺,3600,睡覺,3600,睡覺,3600,睡覺,3600
第178天,起床,67,刷牙,120,上廁所,120,吃飯,3638,休閒活動,2134,吃飯,2134,休閒活動,3100,休閒活動,3523,上廁所,120,休閒活動,2000,吃飯,3100,吃飯,120,吃飯,600,休閒活動,3100,休閒活動,2000,刷牙,600,睡覺,3600,睡覺,3600,睡覺,3600,睡覺,3600,睡覺,3600,睡覺,3600,睡覺,3600,睡覺,3600
第179天,起床,50,刷牙,135,上廁所,135,吃飯,3655,休閒活動,3523,吃飯,3523,休閒活動,3230,休閒活動,3600,上廁所,135,休閒活動,3100,休閒活動,2134,上廁所,135,吃飯,600,休閒活動,2134,休閒活動,3100,刷牙,600,睡覺,3600,睡覺,3600,睡覺,3600,睡覺,3600,睡覺,3600,睡覺,3600,睡覺,3600,睡覺,3600
第180天,起床,30,刷牙,120,上廁所,120,吃飯,3487,休閒活動,3600,吃飯,3600,休閒活動,2800,休閒活動,3100,上廁所,120,休閒活動,3523,休閒活動,2345,上廁所,120,吃飯,600,休閒活動,2345,休閒活動,3523,刷牙,600,睡覺,3600,睡覺,3600,睡覺,3600,睡覺,3600,睡覺,3600,睡覺,3600,睡覺,3600,睡覺,3600
第181天,起床,35,刷牙,200,上廁所,200,吃飯,2657,休閒活動,3100,吃飯,3100,休閒活動,2000,休閒活動,3230,上廁所,200,休閒活動,3600,休閒活動,2356,上廁所,200,吃飯,600,休閒活動,2356,休閒活動,3600,刷牙,600,睡覺,3600,睡覺,3600,睡覺,3600,睡覺,3600,睡覺,3600,睡覺,3600,睡覺,3600,睡覺,3600
第182天,起床,32,刷牙,900,上廁所,900,吃飯,3655,休閒活動,3230,吃飯,3230,休閒活動,3100,休閒活動,2800,上廁所,900,休閒活動,3523,休閒活動,3523,上廁所,900,吃飯,600,休閒活動,3523,休閒活動,3523,刷牙,600,睡覺,3600,睡覺,3600,睡覺,3600,睡覺,3600,睡覺,3600,睡覺,3600,睡覺,3600,睡覺,3600
第183天,起床,31,刷牙,350,上廁所,350,吃飯,2467,休閒活動,2800,吃飯,2800,休閒活動,2134,休閒活動,2000,上廁所,350,休閒活動,3600,休閒活動,3600,上廁所,350,吃飯,600,休閒活動,3600,休閒活動,3600,刷牙,600,睡覺,3600,睡覺,3600,睡覺,3600,睡覺,3600,睡覺,3600,睡覺,3600,睡覺,3600,睡覺,3600
第184天,起床,40,刷牙,120,上廁所,120,吃飯,2300,休閒活動,2000,吃飯,2000,休閒活動,2345,休閒活動,3100,上廁所,120,休閒活動,3100,休閒活動,3100,上廁所,120,吃飯,600,休閒活動,3100,休閒活動,3100,刷牙,600,睡覺,3600,睡覺,3600,睡覺,3600,睡覺,3600,睡覺,3600,睡覺,3600,睡覺,3600,睡覺,3600
第185天,起床,60,刷牙,120,上廁所,120,吃飯,3600,休閒活動,3100,吃飯,3100,休閒活動,2356,休閒活動,3523,上廁所,120,休閒活動,3230,休閒活動,3230,上廁所,120,吃飯,600,休閒活動,3230,休閒活動,3230,刷牙,600,睡覺,3600,睡覺,3600,睡覺,3600,睡覺,3600,睡覺,3600,睡覺,3600,睡覺,3600,睡覺,3600
第186天,起床,30,刷牙,135,上廁所,135,吃飯,600,休閒活動,2134,吃飯,2134,休閒活動,3523,休閒活動,3600,上廁所,135,休閒活動,2800,休閒活動,2800,上廁所,135,吃飯,600,休閒活動,2800,休閒活動,2800,刷牙,600,睡覺,3600,睡覺,3600,睡覺,3600,睡覺,3600,睡覺,3600,睡覺,3600,睡覺,3600,睡覺,3600
第187天,起床,36,刷牙,120,上廁所,120,吃飯,3638,休閒活動,2345,吃飯,2345,休閒活動,3600,休閒活動,3523,上廁所,120,休閒活動,2000,休閒活動,2000,上廁所,120,吃飯,600,休閒活動,2000,休閒活動,2000,刷牙,600,睡覺,3600,睡覺,3600,睡覺,3600,睡覺,3600,睡覺,3600,睡覺,3600,睡覺,3600,睡覺,3600
第188天,起床,38,刷牙,200,上廁所,200,吃飯,3655,休閒活動,2356,吃飯,2356,休閒活動,3100,休閒活動,3600,上廁所,200,休閒活動,3100,休閒活動,3100,上廁所,200,吃飯,600,休閒活動,3100,休閒活動,3100,刷牙,600,睡覺,3600,睡覺,3600,睡覺,3600,睡覺,3600,睡覺,3600,睡覺,3600,睡覺,3600,睡覺,3600
第189天,起床,50,刷牙,900,上廁所,900,吃飯,3487,休閒活動,3523,吃飯,3523,休閒活動,3230,休閒活動,3100,上廁所,900,休閒活動,2134,休閒活動,3523,上廁所,900,吃飯,600,休閒活動,3523,休閒活動,2134,刷牙,600,睡覺,3600,睡覺,3600,睡覺,3600,睡覺,3600,睡覺,3600,睡覺,3600,睡覺,3600,睡覺,3600
第190天,起床,65,刷牙,350,上廁所,350,吃飯,2657,休閒活動,3600,吃飯,3600,休閒活動,2800,休閒活動,3230,上廁所,350,休閒活動,2345,休閒活動,3600,上廁所,350,吃飯,600,休閒活動,3600,休閒活動,2345,刷牙,600,睡覺,3600,睡覺,3600,睡覺,3600,睡覺,3600,睡覺,3600,睡覺,3600,睡覺,3600,睡覺,3600
第191天,起床,67,刷牙,270,上廁所,270,吃飯,3655,休閒活動,3100,吃飯,3100,休閒活動,2000,休閒活動,2800,上廁所,270,休閒活動,2356,休閒活動,3523,上廁所,270,吃飯,600,休閒活動,3523,休閒活動,2356,刷牙,600,睡覺,3600,睡覺,3600,睡覺,3600,睡覺,3600,睡覺,3600,睡覺,3600,睡覺,3600,睡覺,3600
第192天,起床,50,刷牙,120,上廁所,120,吃飯,2467,休閒活動,3230,吃飯,3230,休閒活動,3100,休閒活動,2000,上廁所,120,休閒活動,3523,休閒活動,3600,上廁所,120,吃飯,600,休閒活動,3600,休閒活動,3523,刷牙,600,睡覺,3600,睡覺,3600,睡覺,3600,睡覺,3600,睡覺,3600,睡覺,3600,睡覺,3600,睡覺,3600
第193天,起床,30,刷牙,135,上廁所,135,吃飯,2300,休閒活動,2800,吃飯,2800,休閒活動,3523,休閒活動,3100,上廁所,135,休閒活動,3600,休閒活動,3100,上廁所,135,吃飯,600,休閒活動,3100,休閒活動,3600,刷牙,600,睡覺,3600,睡覺,3600,睡覺,3600,睡覺,3600,睡覺,3600,睡覺,3600,睡覺,3600,睡覺,3600
第194天,起床,35,刷牙,120,上廁所,120,吃飯,3638,休閒活動,2000,吃飯,2000,休閒活動,3600,休閒活動,2134,上廁所,120,休閒活動,3100,休閒活動,3230,上廁所,120,吃飯,600,休閒活動,3230,休閒活動,3100,刷牙,600,睡覺,3600,睡覺,3600,睡覺,3600,睡覺,3600,睡覺,3600,睡覺,3600,睡覺,3600,睡覺,3600
第195天,起床,32,刷牙,200,上廁所,200,吃飯,3655,休閒活動,3100,吃飯,3100,休閒活動,3523,休閒活動,2345,上廁所,200,休閒活動,3230,休閒活動,2800,上廁所,200,吃飯,600,休閒活動,2800,休閒活動,3230,刷牙,600,睡覺,3600,睡覺,3600,睡覺,3600,睡覺,3600,睡覺,3600,睡覺,3600,睡覺,3600,睡覺,3600
第196天,起床,31,刷牙,900,上廁所,900,吃飯,3487,休閒活動,3523,吃飯,3523,休閒活動,3600,休閒活動,2356,上廁所,900,休閒活動,2800,休閒活動,2000,上廁所,900,吃飯,600,休閒活動,2000,休閒活動,2800,刷牙,600,睡覺,3600,睡覺,3600,睡覺,3600,睡覺,3600,睡覺,3600,睡覺,3600,睡覺,3600,睡覺,3600
第197天,起床,40,刷牙,350,上廁所,350,吃飯,2657,休閒活動,3600,吃飯,3600,休閒活動,3100,休閒活動,3523,上廁所,350,休閒活動,2000,休閒活動,3100,上廁所,350,吃飯,600,休閒活動,3100,休閒活動,2000,刷牙,600,睡覺,3600,睡覺,3600,睡覺,3600,睡覺,3600,睡覺,3600,睡覺,3600,睡覺,3600,睡覺,3600
第198天,起床,60,刷牙,120,上廁所,120,吃飯,3655,休閒活動,3523,吃飯,3523,休閒活動,3230,休閒活動,3600,上廁所,120,休閒活動,3100,休閒活動,2134,上廁所,120,吃飯,600,休閒活動,2134,休閒活動,3100,刷牙,600,睡覺,3600,睡覺,3600,睡覺,3600,睡覺,3600,睡覺,3600,睡覺,3600,睡覺,3600,睡覺,3600
第199天,起床,30,刷牙,135,上廁所,135,吃飯,2467,休閒活動,3600,吃飯,3600,休閒活動,2800,休閒活動,3100,上廁所,135,休閒活動,3523,休閒活動,2345,上廁所,135,吃飯,600,休閒活動,2345,休閒活動,3523,刷牙,600,睡覺,3600,睡覺,3600,睡覺,3600,睡覺,3600,睡覺,3600,睡覺,3600,睡覺,3600,睡覺,3600
第200天,起床,36,刷牙,120,上廁所,120,吃飯,2300,休閒活動,3100,吃飯,3100,休閒活動,2000,休閒活動,3230,上廁所,120,休閒活動,3600,休閒活動,2356,上廁所,120,吃飯,600,休閒活動,2356,休閒活動,3600,刷牙,600,睡覺,3600,睡覺,3600,睡覺,3600,睡覺,3600,睡覺,3600,睡覺,3600,睡覺,3600,睡覺,3600
第201天,起床,38,刷牙,200,上廁所,200,吃飯,3600,休閒活動,3230,吃飯,3230,休閒活動,3100,休閒活動,2800,上廁所,200,休閒活動,3523,休閒活動,3523,上廁所,200,吃飯,600,休閒活動,3523,休閒活動,3523,刷牙,600,睡覺,3600,睡覺,3600,睡覺,3600,睡覺,3600,睡覺,3600,睡覺,3600,睡覺,3600,睡覺,3600
第202天,起床,50,刷牙,900,上廁所,900,吃飯,3638,休閒活動,2800,吃飯,2800,休閒活動,2134,休閒活動,2000,上廁所,900,休閒活動,3600,休閒活動,3600,上廁所,900,吃飯,600,休閒活動,3600,休閒活動,3600,刷牙,600,睡覺,3600,睡覺,3600,睡覺,3600,睡覺,3600,睡覺,3600,睡覺,3600,睡覺,3600,睡覺,3600
第203天,起床,65,刷牙,350,上廁所,350,吃飯,3655,休閒活動,2000,吃飯,2000,休閒活動,2345,休閒活動,3100,上廁所,350,休閒活動,3100,休閒活動,3100,上廁所,350,吃飯,600,休閒活動,3100,休閒活動,3100,刷牙,600,睡覺,3600,睡覺,3600,睡覺,3600,睡覺,3600,睡覺,3600,睡覺,3600,睡覺,3600,睡覺,3600
第204天,起床,67,刷牙,120,上廁所,120,吃飯,3487,休閒活動,3100,吃飯,3100,休閒活動,2356,休閒活動,3523,上廁所,120,休閒活動,3230,休閒活動,3230,上廁所,120,吃飯,600,休閒活動,3230,休閒活動,3230,刷牙,600,睡覺,3600,睡覺,3600,睡覺,3600,睡覺,3600,睡覺,3600,睡覺,3600,睡覺,3600,睡覺,3600
第205天,起床,50,刷牙,135,上廁所,135,吃飯,2657,休閒活動,2134,吃飯,2134,休閒活動,3523,休閒活動,3600,上廁所,135,休閒活動,2800,休閒活動,2800,上廁所,135,吃飯,600,休閒活動,2800,休閒活動,2800,刷牙,600,睡覺,3600,睡覺,3600,睡覺,3600,睡覺,3600,睡覺,3600,睡覺,3600,睡覺,3600,睡覺,3600
第206天,起床,30,刷牙,120,上廁所,120,吃飯,3655,休閒活動,2345,吃飯,2345,休閒活動,3600,休閒活動,3523,上廁所,120,休閒活動,2000,休閒活動,2000,上廁所,120,吃飯,600,休閒活動,2000,休閒活動,2000,刷牙,600,睡覺,3600,睡覺,3600,睡覺,3600,睡覺,3600,睡覺,3600,睡覺,3600,睡覺,3600,睡覺,3600
第207天,起床,35,刷牙,200,上廁所,200,吃飯,2467,休閒活動,2356,吃飯,2356,休閒活動,3100,休閒活動,3600,上廁所,200,休閒活動,3100,休閒活動,3100,上廁所,200,吃飯,600,休閒活動,3100,休閒活動,3100,刷牙,600,睡覺,3600,睡覺,3600,睡覺,3600,睡覺,3600,睡覺,3600,睡覺,3600,睡覺,3600,睡覺,3600
第208天,起床,32,刷牙,900,上廁所,900,吃飯,2300,休閒活動,3523,吃飯,3523,休閒活動,3230,休閒活動,3100,上廁所,900,休閒活動,2134,休閒活動,3523,上廁所,900,吃飯,600,休閒活動,3523,休閒活動,2134,刷牙,600,睡覺,3600,睡覺,3600,睡覺,3600,睡覺,3600,睡覺,3600,睡覺,3600,睡覺,3600,睡覺,3600
第209天,起床,31,刷牙,350,上廁所,350,吃飯,3638,休閒活動,3600,吃飯,3600,休閒活動,2800,休閒活動,3230,上廁所,350,休閒活動,2345,休閒活動,3600,上廁所,350,吃飯,600,休閒活動,3600,休閒活動,2345,刷牙,600,睡覺,3600,睡覺,3600,睡覺,3600,睡覺,3600,睡覺,3600,睡覺,3600,睡覺,3600,睡覺,3600
第210天,起床,40,刷牙,120,上廁所,120,吃飯,3655,休閒活動,3100,吃飯,3100,休閒活動,2000,休閒活動,2800,上廁所,120,休閒活動,2356,休閒活動,3523,上廁所,120,吃飯,600,休閒活動,3523,休閒活動,2356,刷牙,600,睡覺,3600,睡覺,3600,睡覺,3600,睡覺,3600,睡覺,3600,睡覺,3600,睡覺,3600,睡覺,3600
第211天,起床,60,刷牙,120,上廁所,120,吃飯,3487,休閒活動,3230,吃飯,3230,休閒活動,3100,休閒活動,2000,上廁所,120,休閒活動,3523,休閒活動,3600,上廁所,120,吃飯,600,休閒活動,3600,休閒活動,3523,刷牙,600,睡覺,3600,睡覺,3600,睡覺,3600,睡覺,3600,睡覺,3600,睡覺,3600,睡覺,3600,睡覺,3600
第212天,起床,30,刷牙,135,上廁所,135,吃飯,2657,休閒活動,2800,吃飯,2800,休閒活動,3523,休閒活動,3100,上廁所,135,休閒活動,3600,休閒活動,3100,上廁所,135,吃飯,600,休閒活動,3100,休閒活動,3600,刷牙,600,睡覺,3600,睡覺,3600,睡覺,3600,睡覺,3600,睡覺,3600,睡覺,3600,睡覺,3600,睡覺,3600
第213天,起床,36,刷牙,120,上廁所,120,吃飯,3655,休閒活動,2000,吃飯,2000,休閒活動,3600,休閒活動,2134,上廁所,120,休閒活動,3100,休閒活動,3230,上廁所,120,吃飯,600,休閒活動,3230,休閒活動,3100,刷牙,600,睡覺,3600,睡覺,3600,睡覺,3600,睡覺,3600,睡覺,3600,睡覺,3600,睡覺,3600,睡覺,3600
第214天,起床,38,刷牙,200,上廁所,200,吃飯,2467,休閒活動,3100,吃飯,3100,休閒活動,3523,休閒活動,2345,上廁所,200,休閒活動,500,休閒活動,2800,上廁所,200,吃飯,600,休閒活動,2800,休閒活動,500,刷牙,600,睡覺,3600,睡覺,3600,睡覺,3600,睡覺,3600,睡覺,3600,睡覺,3600,睡覺,3600,睡覺,3600
第215天,起床,30,刷牙,900,上廁所,900,吃飯,2300,休閒活動,3523,吃飯,3523,休閒活動,3600,休閒活動,2356,上廁所,900,休閒活動,321,休閒活動,2000,上廁所,900,吃飯,600,休閒活動,2000,休閒活動,321,刷牙,600,睡覺,3600,睡覺,3600,睡覺,3600,睡覺,3600,睡覺,3600,睡覺,3600,睡覺,3600,睡覺,3600
第216天,起床,35,刷牙,350,上廁所,350,吃飯,3600,休閒活動,3600,吃飯,3600,休閒活動,3100,休閒活動,3523,上廁所,350,休閒活動,2000,休閒活動,3100,上廁所,350,吃飯,600,休閒活動,3100,休閒活動,2000,刷牙,600,睡覺,3600,睡覺,3600,睡覺,3600,睡覺,3600,睡覺,3600,睡覺,3600,睡覺,3600,睡覺,3600
第217天,起床,32,刷牙,270,上廁所,270,吃飯,600,休閒活動,3523,吃飯,3523,休閒活動,3230,休閒活動,3600,上廁所,270,休閒活動,3100,休閒活動,2134,上廁所,270,吃飯,600,休閒活動,2134,休閒活動,3100,刷牙,600,睡覺,3600,睡覺,3600,睡覺,3600,睡覺,3600,睡覺,3600,睡覺,3600,睡覺,3600,睡覺,3600
第218天,起床,31,刷牙,120,上廁所,120,吃飯,3638,休閒活動,3600,吃飯,3600,休閒活動,2800,休閒活動,3100,上廁所,120,休閒活動,3523,休閒活動,2345,上廁所,120,吃飯,600,休閒活動,2345,休閒活動,3523,刷牙,600,睡覺,3600,睡覺,3600,睡覺,3600,睡覺,3600,睡覺,3600,睡覺,3600,睡覺,3600,睡覺,3600
第219天,起床,40,刷牙,135,上廁所,135,吃飯,3655,休閒活動,3100,吃飯,3100,休閒活動,2000,休閒活動,500,上廁所,135,休閒活動,3600,休閒活動,2356,上廁所,135,吃飯,600,休閒活動,2356,休閒活動,3600,刷牙,600,睡覺,3600,睡覺,3600,睡覺,3600,睡覺,3600,睡覺,3600,睡覺,3600,睡覺,3600,睡覺,3600
第220天,起床,60,刷牙,120,上廁所,120,吃飯,3487,休閒活動,3230,吃飯,3230,休閒活動,3100,休閒活動,321,上廁所,120,休閒活動,3100,休閒活動,3523,上廁所,120,吃飯,600,休閒活動,3523,休閒活動,3100,刷牙,600,睡覺,3600,睡覺,3600,睡覺,3600,睡覺,3600,睡覺,3600,睡覺,3600,睡覺,3600,睡覺,3600
第221天,起床,30,刷牙,200,上廁所,200,吃飯,2657,休閒活動,2800,吃飯,2800,休閒活動,2134,休閒活動,2000,上廁所,200,休閒活動,3230,休閒活動,3600,上廁所,200,吃飯,600,休閒活動,3600,休閒活動,3230,刷牙,600,睡覺,3600,睡覺,3600,睡覺,3600,睡覺,3600,睡覺,3600,睡覺,3600,睡覺,3600,睡覺,3600
第222天,起床,36,刷牙,900,上廁所,900,吃飯,3655,休閒活動,2000,吃飯,2000,休閒活動,2345,休閒活動,3100,上廁所,900,休閒活動,2800,休閒活動,3100,上廁所,900,吃飯,600,休閒活動,3100,休閒活動,2800,刷牙,600,睡覺,3600,睡覺,3600,睡覺,3600,睡覺,3600,睡覺,3600,睡覺,3600,睡覺,3600,睡覺,3600
第223天,起床,38,刷牙,350,上廁所,350,吃飯,2467,休閒活動,3100,吃飯,3100,休閒活動,2356,休閒活動,3523,上廁所,350,休閒活動,2000,休閒活動,500,上廁所,350,吃飯,600,休閒活動,500,休閒活動,2000,刷牙,600,睡覺,3600,睡覺,3600,睡覺,3600,睡覺,3600,睡覺,3600,睡覺,3600,睡覺,3600,睡覺,3600
第224天,起床,50,刷牙,120,上廁所,120,吃飯,2300,休閒活動,2134,吃飯,2134,休閒活動,3523,休閒活動,3600,上廁所,120,休閒活動,3100,休閒活動,321,上廁所,120,吃飯,600,休閒活動,321,休閒活動,3100,刷牙,600,睡覺,3600,睡覺,3600,睡覺,3600,睡覺,3600,睡覺,3600,睡覺,3600,睡覺,3600,睡覺,3600
第225天,起床,65,刷牙,135,上廁所,135,吃飯,3638,休閒活動,2345,吃飯,2345,休閒活動,3600,休閒活動,3100,上廁所,135,休閒活動,2134,休閒活動,2000,上廁所,135,吃飯,600,休閒活動,2000,休閒活動,2134,刷牙,600,睡覺,3600,睡覺,3600,睡覺,3600,睡覺,3600,睡覺,3600,睡覺,3600,睡覺,3600,睡覺,3600
第226天,起床,67,刷牙,120,上廁所,120,吃飯,3655,休閒活動,2356,吃飯,2356,休閒活動,3100,休閒活動,3230,上廁所,120,休閒活動,2000,休閒活動,3100,上廁所,120,吃飯,600,休閒活動,3100,休閒活動,2000,刷牙,600,睡覺,3600,睡覺,3600,睡覺,3600,睡覺,3600,睡覺,3600,睡覺,3600,睡覺,3600,睡覺,3600
第227天,起床,50,刷牙,200,上廁所,200,吃飯,3487,休閒活動,3523,吃飯,3523,休閒活動,500,休閒活動,2800,上廁所,200,休閒活動,3100,休閒活動,3523,上廁所,200,吃飯,600,休閒活動,3523,休閒活動,3100,刷牙,600,睡覺,3600,睡覺,3600,睡覺,3600,睡覺,3600,睡覺,3600,睡覺,3600,睡覺,3600,睡覺,3600
第228天,起床,30,刷牙,900,上廁所,900,吃飯,2657,休閒活動,3600,吃飯,3600,休閒活動,321,休閒活動,2000,上廁所,900,休閒活動,3523,休閒活動,3600,上廁所,900,吃飯,600,休閒活動,3600,休閒活動,3523,刷牙,600,睡覺,3600,睡覺,3600,睡覺,3600,睡覺,3600,睡覺,3600,睡覺,3600,睡覺,3600,睡覺,3600
第229天,起床,30,刷牙,350,上廁所,350,吃飯,3655,休閒活動,3100,吃飯,3100,休閒活動,2000,休閒活動,3100,上廁所,350,休閒活動,3600,休閒活動,3100,上廁所,350,吃飯,600,休閒活動,3100,休閒活動,3600,刷牙,600,睡覺,3600,睡覺,3600,睡覺,3600,睡覺,3600,睡覺,3600,睡覺,3600,睡覺,3600,睡覺,3600
第230天,起床,35,刷牙,120,上廁所,120,吃飯,2467,吃飯,500,吃飯,500,休閒活動,3100,吃飯,2134,吃飯,120,吃飯,3100,休閒活動,3230,上廁所,120,吃飯,600,休閒活動,3230,休閒活動,3100,刷牙,600,睡覺,3600,睡覺,3600,睡覺,3600,睡覺,3600,睡覺,3600,睡覺,3600,睡覺,3600,睡覺,3600
第231天,起床,32,刷牙,135,上廁所,135,吃飯,2300,吃飯,321,吃飯,321,休閒活動,3523,吃飯,2000,吃飯,135,吃飯,3230,休閒活動,2800,上廁所,135,吃飯,600,休閒活動,2800,休閒活動,3230,刷牙,600,睡覺,3600,睡覺,3600,睡覺,3600,睡覺,3600,睡覺,3600,睡覺,3600,睡覺,3600,睡覺,3600
第232天,起床,31,刷牙,120,上廁所,120,吃飯,3600,休閒活動,2000,吃飯,2000,休閒活動,3600,休閒活動,3100,上廁所,120,休閒活動,2800,休閒活動,2000,上廁所,120,吃飯,600,休閒活動,2000,休閒活動,2800,刷牙,600,睡覺,3600,睡覺,3600,睡覺,3600,睡覺,3600,睡覺,3600,睡覺,3600,睡覺,3600,睡覺,3600
第233天,起床,40,刷牙,200,上廁所,200,吃飯,3638,休閒活動,3100,吃飯,3100,休閒活動,3100,休閒活動,3523,上廁所,200,休閒活動,2000,休閒活動,3100,上廁所,200,吃飯,600,休閒活動,3100,休閒活動,2000,刷牙,600,睡覺,3600,睡覺,3600,睡覺,3600,睡覺,3600,睡覺,3600,睡覺,3600,睡覺,3600,睡覺,3600
第234天,起床,60,刷牙,900,上廁所,900,吃飯,3655,休閒活動,3523,吃飯,3523,休閒活動,3230,休閒活動,3600,上廁所,900,休閒活動,3100,休閒活動,2134,上廁所,900,吃飯,600,休閒活動,2134,休閒活動,3100,刷牙,600,睡覺,3600,睡覺,3600,睡覺,3600,睡覺,3600,睡覺,3600,睡覺,3600,睡覺,3600,睡覺,3600
第235天,起床,30,刷牙,120,上廁所,120,吃飯,3487,休閒活動,3600,吃飯,3600,休閒活動,2800,休閒活動,3100,上廁所,120,休閒活動,2134,休閒活動,2000,上廁所,120,吃飯,600,休閒活動,2000,休閒活動,2134,刷牙,600,睡覺,3600,睡覺,3600,睡覺,3600,睡覺,3600,睡覺,3600,睡覺,3600,睡覺,3600,睡覺,3600
第236天,起床,36,刷牙,135,上廁所,135,吃飯,2657,休閒活動,3100,吃飯,3100,休閒活動,2000,休閒活動,3230,上廁所,135,休閒活動,3523,休閒活動,3100,上廁所,135,吃飯,600,休閒活動,3100,休閒活動,3523,刷牙,600,睡覺,3600,睡覺,3600,睡覺,3600,睡覺,3600,睡覺,3600,睡覺,3600,睡覺,3600,睡覺,3600
第237天,起床,38,刷牙,120,上廁所,120,吃飯,3655,休閒活動,3230,吃飯,3230,休閒活動,3100,休閒活動,2800,上廁所,120,休閒活動,3600,休閒活動,3523,上廁所,120,吃飯,600,休閒活動,3523,休閒活動,3600,刷牙,600,睡覺,3600,睡覺,3600,睡覺,3600,睡覺,3600,睡覺,3600,睡覺,3600,睡覺,3600,睡覺,3600
第238天,起床,50,刷牙,200,上廁所,200,吃飯,2467,休閒活動,2800,吃飯,2800,休閒活動,2134,休閒活動,2000,上廁所,200,休閒活動,3100,休閒活動,3600,上廁所,200,吃飯,600,休閒活動,3600,休閒活動,3100,刷牙,600,睡覺,3600,睡覺,3600,睡覺,3600,睡覺,3600,睡覺,3600,睡覺,3600,睡覺,3600,睡覺,3600
第239天,起床,65,刷牙,900,上廁所,900,吃飯,2300,休閒活動,2000,吃飯,2000,休閒活動,2000,休閒活動,3100,上廁所,900,休閒活動,3230,吃飯,3100,吃飯,900,吃飯,600,休閒活動,3100,休閒活動,3230,刷牙,600,睡覺,3600,睡覺,3600,睡覺,3600,睡覺,3600,睡覺,3600,睡覺,3600,睡覺,3600,睡覺,3600
第240天,起床,67,刷牙,350,上廁所,350,吃飯,3638,休閒活動,3100,吃飯,3100,休閒活動,3100,休閒活動,2134,上廁所,350,休閒活動,2800,吃飯,3230,吃飯,350,吃飯,600,休閒活動,3230,休閒活動,2800,刷牙,600,睡覺,3600,睡覺,3600,睡覺,3600,睡覺,3600,睡覺,3600,睡覺,3600,睡覺,3600,睡覺,3600
第241天,起床,50,刷牙,270,上廁所,270,吃飯,3655,休閒活動,2134,吃飯,2134,休閒活動,3523,休閒活動,3523,上廁所,270,休閒活動,2000,休閒活動,2800,上廁所,270,吃飯,600,休閒活動,2800,休閒活動,2000,刷牙,600,睡覺,3600,睡覺,3600,睡覺,3600,睡覺,3600,睡覺,3600,睡覺,3600,睡覺,3600,睡覺,3600
第242天,起床,30,刷牙,120,上廁所,120,吃飯,3487,休閒活動,2000,吃飯,2000,休閒活動,3600,休閒活動,3600,上廁所,120,休閒活動,3100,休閒活動,2000,上廁所,120,吃飯,600,休閒活動,2000,休閒活動,3100,刷牙,600,睡覺,3600,睡覺,3600,睡覺,3600,睡覺,3600,睡覺,3600,睡覺,3600,睡覺,3600,睡覺,3600
第243天,起床,30,刷牙,135,上廁所,135,吃飯,2657,休閒活動,3100,吃飯,3100,休閒活動,3100,休閒活動,3100,上廁所,135,休閒活動,2134,休閒活動,3100,上廁所,135,吃飯,600,休閒活動,3100,休閒活動,2134,刷牙,600,睡覺,3600,睡覺,3600,睡覺,3600,睡覺,3600,睡覺,3600,睡覺,3600,睡覺,3600,睡覺,3600
第244天,起床,30,刷牙,120,上廁所,120,吃飯,3655,休閒活動,3523,吃飯,3523,休閒活動,3230,休閒活動,3230,上廁所,120,休閒活動,2345,休閒活動,2134,上廁所,120,吃飯,600,休閒活動,2134,休閒活動,2345,刷牙,600,睡覺,3600,睡覺,3600,睡覺,3600,睡覺,3600,睡覺,3600,睡覺,3600,睡覺,3600,睡覺,3600
第245天,起床,35,刷牙,200,上廁所,200,吃飯,2467,休閒活動,3600,吃飯,3600,休閒活動,2800,休閒活動,2800,上廁所,200,休閒活動,2356,休閒活動,3523,上廁所,200,吃飯,600,休閒活動,3523,休閒活動,2356,刷牙,600,睡覺,3600,睡覺,3600,睡覺,3600,睡覺,3600,睡覺,3600,睡覺,3600,睡覺,3600,睡覺,3600
第246天,起床,32,刷牙,900,上廁所,900,吃飯,2300,休閒活動,3100,吃飯,3100,休閒活動,2000,休閒活動,2000,上廁所,900,休閒活動,3523,休閒活動,3600,上廁所,900,吃飯,600,休閒活動,3600,休閒活動,3523,刷牙,600,睡覺,3600,睡覺,3600,睡覺,3600,睡覺,3600,睡覺,3600,睡覺,3600,睡覺,3600,睡覺,3600
第247天,起床,31,刷牙,350,上廁所,350,吃飯,3600,休閒活動,3230,吃飯,3230,休閒活動,3100,休閒活動,3100,上廁所,350,休閒活動,3600,休閒活動,3100,上廁所,350,吃飯,600,休閒活動,3100,休閒活動,3600,刷牙,600,睡覺,3600,睡覺,3600,睡覺,3600,睡覺,3600,睡覺,3600,睡覺,3600,睡覺,3600,睡覺,3600
第248天,起床,40,刷牙,120,上廁所,120,吃飯,600,休閒活動,2800,吃飯,2800,休閒活動,2134,休閒活動,2134,上廁所,120,休閒活動,3100,休閒活動,3230,上廁所,120,吃飯,600,休閒活動,3230,休閒活動,3100,刷牙,600,睡覺,3600,睡覺,3600,睡覺,3600,睡覺,3600,睡覺,3600,睡覺,3600,睡覺,3600,睡覺,3600
第249天,起床,60,刷牙,135,上廁所,135,吃飯,3638,休閒活動,2000,吃飯,2000,休閒活動,3523,休閒活動,2345,上廁所,135,休閒活動,3230,休閒活動,2800,上廁所,135,吃飯,600,休閒活動,2800,休閒活動,3230,刷牙,600,睡覺,3600,睡覺,3600,睡覺,3600,睡覺,3600,睡覺,3600,睡覺,3600,睡覺,3600,睡覺,3600
第250天,起床,30,刷牙,120,上廁所,120,吃飯,3655,休閒活動,3100,吃飯,3100,休閒活動,3600,休閒活動,2356,上廁所,120,休閒活動,2000,休閒活動,2000,上廁所,120,吃飯,600,休閒活動,2000,休閒活動,2000,刷牙,600,睡覺,3600,睡覺,3600,睡覺,3600,睡覺,3600,睡覺,3600,睡覺,3600,睡覺,3600,睡覺,3600
第251天,起床,30,刷牙,200,上廁所,200,吃飯,3487,休閒活動,2134,吃飯,2134,休閒活動,3100,休閒活動,3523,上廁所,200,休閒活動,3100,休閒活動,3100,上廁所,200,吃飯,600,休閒活動,3100,休閒活動,3100,刷牙,600,睡覺,3600,睡覺,3600,睡覺,3600,睡覺,3600,睡覺,3600,睡覺,3600,睡覺,3600,睡覺,3600
第252天,起床,35,刷牙,900,上廁所,900,吃飯,2657,休閒活動,3523,吃飯,3523,休閒活動,3230,休閒活動,3600,上廁所,900,休閒活動,3523,休閒活動,2134,上廁所,900,吃飯,600,休閒活動,2134,休閒活動,3523,刷牙,600,睡覺,3600,睡覺,3600,睡覺,3600,睡覺,3600,睡覺,3600,睡覺,3600,睡覺,3600,睡覺,3600
第253天,起床,32,刷牙,350,上廁所,350,吃飯,3655,休閒活動,3600,吃飯,3600,休閒活動,2800,休閒活動,3100,上廁所,350,休閒活動,3600,休閒活動,2345,上廁所,350,吃飯,600,休閒活動,2345,休閒活動,3600,刷牙,600,睡覺,3600,睡覺,3600,睡覺,3600,睡覺,3600,睡覺,3600,睡覺,3600,睡覺,3600,睡覺,3600
第254天,起床,31,刷牙,120,上廁所,120,吃飯,2467,休閒活動,3100,吃飯,3100,休閒活動,2000,休閒活動,3230,上廁所,120,休閒活動,3100,休閒活動,2356,上廁所,120,吃飯,600,休閒活動,2356,休閒活動,3100,刷牙,600,睡覺,3600,睡覺,3600,睡覺,3600,睡覺,3600,睡覺,3600,睡覺,3600,睡覺,3600,睡覺,3600
第255天,起床,40,刷牙,135,上廁所,135,吃飯,2300,休閒活動,3230,吃飯,3230,休閒活動,3100,休閒活動,2000,上廁所,135,休閒活動,3230,休閒活動,3523,上廁所,135,吃飯,600,休閒活動,3523,休閒活動,3230,刷牙,600,睡覺,3600,睡覺,3600,睡覺,3600,睡覺,3600,睡覺,3600,睡覺,3600,睡覺,3600,睡覺,3600
第256天,起床,60,刷牙,120,上廁所,120,吃飯,3638,休閒活動,2800,吃飯,2800,休閒活動,2134,休閒活動,3100,上廁所,120,休閒活動,2800,休閒活動,3600,上廁所,120,吃飯,600,休閒活動,3600,休閒活動,2800,刷牙,600,睡覺,3600,睡覺,3600,睡覺,3600,睡覺,3600,睡覺,3600,睡覺,3600,睡覺,3600,睡覺,3600
第257天,起床,30,刷牙,200,上廁所,200,吃飯,3655,休閒活動,2000,吃飯,2000,休閒活動,2345,休閒活動,3523,上廁所,200,休閒活動,2000,休閒活動,3100,上廁所,200,吃飯,600,休閒活動,3100,休閒活動,2000,刷牙,600,睡覺,3600,睡覺,3600,睡覺,3600,睡覺,3600,睡覺,3600,睡覺,3600,睡覺,3600,睡覺,3600
第258天,起床,36,刷牙,900,上廁所,900,吃飯,3487,休閒活動,3100,吃飯,3100,休閒活動,2356,休閒活動,3600,上廁所,900,休閒活動,3100,休閒活動,3230,上廁所,900,吃飯,600,休閒活動,3230,休閒活動,3100,刷牙,600,睡覺,3600,睡覺,3600,睡覺,3600,睡覺,3600,睡覺,3600,睡覺,3600,睡覺,3600,睡覺,3600
第259天,起床,38,刷牙,350,上廁所,350,吃飯,2657,休閒活動,2134,吃飯,2134,休閒活動,3523,休閒活動,3100,上廁所,350,休閒活動,2134,休閒活動,2000,上廁所,350,吃飯,600,休閒活動,2000,休閒活動,2134,刷牙,600,睡覺,3600,睡覺,3600,睡覺,3600,睡覺,3600,睡覺,3600,睡覺,3600,睡覺,3600,睡覺,3600
第260天,起床,50,刷牙,120,上廁所,120,吃飯,3655,休閒活動,2345,吃飯,2345,休閒活動,3600,休閒活動,3230,上廁所,120,休閒活動,3523,休閒活動,3100,上廁所,120,吃飯,600,休閒活動,3100,休閒活動,3523,刷牙,600,睡覺,3600,睡覺,3600,睡覺,3600,睡覺,3600,睡覺,3600,睡覺,3600,睡覺,3600,睡覺,3600
第261天,起床,30,刷牙,135,上廁所,135,吃飯,2467,休閒活動,2356,吃飯,2356,休閒活動,3100,休閒活動,2800,上廁所,135,休閒活動,3600,休閒活動,3523,上廁所,135,吃飯,600,休閒活動,3523,休閒活動,3600,刷牙,600,睡覺,3600,睡覺,3600,睡覺,3600,睡覺,3600,睡覺,3600,睡覺,3600,睡覺,3600,睡覺,3600
第262天,起床,35,刷牙,120,上廁所,120,吃飯,2300,休閒活動,3523,吃飯,3523,休閒活動,3230,休閒活動,2000,上廁所,120,休閒活動,3100,休閒活動,3600,上廁所,120,吃飯,600,休閒活動,3600,休閒活動,3100,刷牙,600,睡覺,3600,睡覺,3600,睡覺,3600,睡覺,3600,睡覺,3600,睡覺,3600,睡覺,3600,睡覺,3600
第263天,起床,32,刷牙,200,上廁所,200,吃飯,3600,休閒活動,3600,吃飯,3600,休閒活動,2000,休閒活動,3100,上廁所,200,休閒活動,3230,休閒活動,3100,上廁所,200,吃飯,600,休閒活動,3100,休閒活動,3230,刷牙,600,睡覺,3600,睡覺,3600,睡覺,3600,睡覺,3600,睡覺,3600,睡覺,3600,睡覺,3600,睡覺,3600
第264天,起床,31,刷牙,900,上廁所,900,吃飯,3638,休閒活動,3100,吃飯,3100,休閒活動,3100,休閒活動,2134,上廁所,900,休閒活動,2800,休閒活動,3230,上廁所,900,吃飯,600,休閒活動,3230,休閒活動,2800,刷牙,600,睡覺,3600,睡覺,3600,睡覺,3600,睡覺,3600,睡覺,3600,睡覺,3600,睡覺,3600,睡覺,3600
第265天,起床,40,刷牙,350,上廁所,350,吃飯,3655,休閒活動,3230,吃飯,3230,休閒活動,3523,休閒活動,3523,上廁所,350,休閒活動,2000,休閒活動,2800,上廁所,350,吃飯,600,休閒活動,2800,休閒活動,2000,刷牙,600,睡覺,3600,睡覺,3600,睡覺,3600,睡覺,3600,睡覺,3600,睡覺,3600,睡覺,3600,睡覺,3600
第266天,起床,60,刷牙,270,上廁所,270,吃飯,3487,休閒活動,2000,吃飯,2000,休閒活動,3600,休閒活動,3600,上廁所,270,休閒活動,3100,休閒活動,2000,上廁所,270,吃飯,600,休閒活動,2000,休閒活動,3100,刷牙,600,睡覺,3600,睡覺,3600,睡覺,3600,睡覺,3600,睡覺,3600,睡覺,3600,睡覺,3600,睡覺,3600
第267天,起床,30,刷牙,120,上廁所,120,吃飯,2657,吃飯,3100,吃飯,3100,休閒活動,3100,吃飯,3100,吃飯,120,吃飯,2134,休閒活動,3100,上廁所,120,吃飯,600,休閒活動,3100,休閒活動,2134,刷牙,600,睡覺,3600,睡覺,3600,睡覺,3600,睡覺,3600,睡覺,3600,睡覺,3600,睡覺,3600,睡覺,3600
第268天,起床,36,刷牙,135,上廁所,135,吃飯,3655,吃飯,3523,吃飯,3523,休閒活動,3230,吃飯,3230,吃飯,135,吃飯,2345,休閒活動,2134,上廁所,135,吃飯,600,休閒活動,2134,休閒活動,2345,刷牙,600,睡覺,3600,睡覺,3600,睡覺,3600,睡覺,3600,睡覺,3600,睡覺,3600,睡覺,3600,睡覺,3600
第269天,起床,38,刷牙,120,上廁所,120,吃飯,2467,休閒活動,3600,吃飯,3600,休閒活動,2800,休閒活動,2800,上廁所,120,休閒活動,2356,休閒活動,3523,上廁所,120,吃飯,600,休閒活動,3523,休閒活動,2356,刷牙,600,睡覺,3600,睡覺,3600,睡覺,3600,睡覺,3600,睡覺,3600,睡覺,3600,睡覺,3600,睡覺,3600
第270天,起床,50,刷牙,200,上廁所,200,吃飯,2300,休閒活動,3100,吃飯,3100,休閒活動,2000,休閒活動,2000,上廁所,200,休閒活動,3523,吃飯,3600,吃飯,200,吃飯,600,休閒活動,3600,休閒活動,3523,刷牙,600,睡覺,3600,睡覺,3600,睡覺,3600,睡覺,3600,睡覺,3600,睡覺,3600,睡覺,3600,睡覺,3600
第271天,起床,30,刷牙,900,上廁所,900,吃飯,3638,休閒活動,3230,吃飯,3230,休閒活動,3100,休閒活動,3100,上廁所,900,休閒活動,3600,吃飯,3100,吃飯,900,吃飯,600,休閒活動,3100,休閒活動,3600,刷牙,600,睡覺,3600,睡覺,3600,睡覺,3600,睡覺,3600,睡覺,3600,睡覺,3600,睡覺,3600,睡覺,3600
第272天,起床,35,刷牙,350,上廁所,350,吃飯,3655,休閒活動,2800,吃飯,2800,休閒活動,2134,休閒活動,2134,上廁所,350,休閒活動,3100,休閒活動,3230,上廁所,350,吃飯,600,休閒活動,3230,休閒活動,3100,刷牙,600,睡覺,3600,睡覺,3600,睡覺,3600,睡覺,3600,睡覺,3600,睡覺,3600,睡覺,3600,睡覺,3600
第273天,起床,32,刷牙,120,上廁所,120,吃飯,3487,休閒活動,2000,吃飯,2000,休閒活動,3523,休閒活動,2345,上廁所,120,休閒活動,3230,休閒活動,2800,上廁所,120,吃飯,600,休閒活動,2800,休閒活動,3230,刷牙,600,睡覺,3600,睡覺,3600,睡覺,3600,睡覺,3600,睡覺,3600,睡覺,3600,睡覺,3600,睡覺,3600
第274天,起床,31,刷牙,135,上廁所,135,吃飯,2657,休閒活動,3100,吃飯,3100,休閒活動,3600,休閒活動,2356,上廁所,135,休閒活動,2000,休閒活動,2000,上廁所,135,吃飯,600,休閒活動,2000,休閒活動,2000,刷牙,600,睡覺,3600,睡覺,3600,睡覺,3600,睡覺,3600,睡覺,3600,睡覺,3600,睡覺,3600,睡覺,3600
第275天,起床,40,刷牙,120,上廁所,120,吃飯,3655,休閒活動,2134,吃飯,2134,休閒活動,3100,休閒活動,3523,上廁所,120,休閒活動,3100,休閒活動,3100,上廁所,120,吃飯,600,休閒活動,3100,休閒活動,3100,刷牙,600,睡覺,3600,睡覺,3600,睡覺,3600,睡覺,3600,睡覺,3600,睡覺,3600,睡覺,3600,睡覺,3600
第276天,起床,60,刷牙,200,上廁所,200,吃飯,2467,休閒活動,3523,吃飯,3523,休閒活動,3230,休閒活動,3600,上廁所,200,休閒活動,3523,休閒活動,2134,上廁所,200,吃飯,600,休閒活動,2134,休閒活動,3523,刷牙,600,睡覺,3600,睡覺,3600,睡覺,3600,睡覺,3600,睡覺,3600,睡覺,3600,睡覺,3600,睡覺,3600
第277天,起床,30,刷牙,900,上廁所,900,吃飯,2300,休閒活動,3600,吃飯,3600,休閒活動,2800,休閒活動,3100,上廁所,900,休閒活動,3600,休閒活動,2345,上廁所,900,吃飯,600,休閒活動,2345,休閒活動,3600,刷牙,600,睡覺,3600,睡覺,3600,睡覺,3600,睡覺,3600,睡覺,3600,睡覺,3600,睡覺,3600,睡覺,3600
第278天,起床,36,刷牙,350,上廁所,350,吃飯,3600,休閒活動,3100,吃飯,3100,休閒活動,2000,休閒活動,3230,上廁所,350,休閒活動,3100,休閒活動,2356,上廁所,350,吃飯,600,休閒活動,2356,休閒活動,3100,刷牙,600,睡覺,3600,睡覺,3600,睡覺,3600,睡覺,3600,睡覺,3600,睡覺,3600,睡覺,3600,睡覺,3600
第279天,起床,38,刷牙,120,上廁所,120,吃飯,600,休閒活動,3230,吃飯,3230,休閒活動,3100,休閒活動,2000,上廁所,120,休閒活動,3230,休閒活動,3523,上廁所,120,吃飯,600,休閒活動,3523,休閒活動,3230,刷牙,600,睡覺,3600,睡覺,3600,睡覺,3600,睡覺,3600,睡覺,3600,睡覺,3600,睡覺,3600,睡覺,3600
第280天,起床,30,刷牙,135,上廁所,135,吃飯,3638,休閒活動,2800,吃飯,2800,休閒活動,2134,休閒活動,3100,上廁所,135,休閒活動,2800,休閒活動,3600,上廁所,135,吃飯,600,休閒活動,3600,休閒活動,2800,刷牙,600,睡覺,3600,睡覺,3600,睡覺,3600,睡覺,3600,睡覺,3600,睡覺,3600,睡覺,3600,睡覺,3600
第281天,起床,35,刷牙,120,上廁所,120,吃飯,3655,休閒活動,2000,吃飯,2000,休閒活動,2345,休閒活動,3523,上廁所,120,休閒活動,2000,休閒活動,3100,上廁所,120,吃飯,600,休閒活動,3100,休閒活動,2000,刷牙,600,睡覺,3600,睡覺,3600,睡覺,3600,睡覺,3600,睡覺,3600,睡覺,3600,睡覺,3600,睡覺,3600
第282天,起床,32,刷牙,200,上廁所,200,吃飯,3487,休閒活動,3100,吃飯,3100,休閒活動,2356,休閒活動,3600,上廁所,200,休閒活動,3100,休閒活動,3230,上廁所,200,吃飯,600,休閒活動,3230,休閒活動,3100,刷牙,600,睡覺,3600,睡覺,3600,睡覺,3600,睡覺,3600,睡覺,3600,睡覺,3600,睡覺,3600,睡覺,3600
第283天,起床,31,刷牙,900,上廁所,900,吃飯,2657,休閒活動,2134,吃飯,2134,休閒活動,3523,休閒活動,3100,上廁所,900,休閒活動,2134,休閒活動,2000,上廁所,900,吃飯,600,休閒活動,2000,休閒活動,2134,刷牙,600,睡覺,3600,睡覺,3600,睡覺,3600,睡覺,3600,睡覺,3600,睡覺,3600,睡覺,3600,睡覺,3600
第284天,起床,40,刷牙,350,上廁所,350,吃飯,3655,休閒活動,2345,吃飯,2345,休閒活動,3600,休閒活動,3230,上廁所,350,休閒活動,3523,休閒活動,3100,上廁所,350,吃飯,600,休閒活動,3100,休閒活動,3523,刷牙,600,睡覺,3600,睡覺,3600,睡覺,3600,睡覺,3600,睡覺,3600,睡覺,3600,睡覺,3600,睡覺,3600
第285天,起床,60,刷牙,120,上廁所,120,吃飯,2467,休閒活動,2356,吃飯,2356,休閒活動,3100,休閒活動,2800,上廁所,120,休閒活動,3600,休閒活動,3523,上廁所,120,吃飯,600,休閒活動,3523,休閒活動,3600,刷牙,600,睡覺,3600,睡覺,3600,睡覺,3600,睡覺,3600,睡覺,3600,睡覺,3600,睡覺,3600,睡覺,3600
第286天,起床,30,刷牙,135,上廁所,135,吃飯,2300,休閒活動,3523,吃飯,3523,休閒活動,3230,休閒活動,2000,上廁所,135,休閒活動,3100,休閒活動,3600,上廁所,135,吃飯,600,休閒活動,3600,休閒活動,3100,刷牙,600,睡覺,3600,睡覺,3600,睡覺,3600,睡覺,3600,睡覺,3600,睡覺,3600,睡覺,3600,睡覺,3600
第287天,起床,36,刷牙,120,上廁所,120,吃飯,3638,休閒活動,3600,吃飯,3600,休閒活動,2000,休閒活動,3100,上廁所,120,休閒活動,3230,休閒活動,3100,上廁所,120,吃飯,600,休閒活動,3100,休閒活動,3230,刷牙,600,睡覺,3600,睡覺,3600,睡覺,3600,睡覺,3600,睡覺,3600,睡覺,3600,睡覺,3600,睡覺,3600
第288天,起床,38,刷牙,200,上廁所,200,吃飯,3655,休閒活動,3100,吃飯,3100,休閒活動,3100,休閒活動,2134,上廁所,200,休閒活動,2800,休閒活動,3230,上廁所,200,吃飯,600,休閒活動,3230,休閒活動,2800,刷牙,600,睡覺,3600,睡覺,3600,睡覺,3600,睡覺,3600,睡覺,3600,睡覺,3600,睡覺,3600,睡覺,3600
第289天,起床,30,刷牙,900,上廁所,900,吃飯,3487,休閒活動,3230,吃飯,3230,休閒活動,3523,休閒活動,3523,上廁所,900,休閒活動,2000,休閒活動,2800,上廁所,900,吃飯,600,休閒活動,2800,休閒活動,2000,刷牙,600,睡覺,3600,睡覺,3600,睡覺,3600,睡覺,3600,睡覺,3600,睡覺,3600,睡覺,3600,睡覺,3600
第290天,起床,35,刷牙,350,上廁所,350,吃飯,2657,休閒活動,2000,吃飯,2000,休閒活動,3600,休閒活動,3600,上廁所,350,休閒活動,3100,休閒活動,2000,上廁所,350,吃飯,600,休閒活動,2000,休閒活動,3100,刷牙,600,睡覺,3600,睡覺,3600,睡覺,3600,睡覺,3600,睡覺,3600,睡覺,3600,睡覺,3600,睡覺,3600
第291天,起床,32,刷牙,270,上廁所,270,吃飯,3655,休閒活動,3100,吃飯,3100,休閒活動,3100,休閒活動,3100,上廁所,270,休閒活動,2134,休閒活動,3100,上廁所,270,吃飯,600,休閒活動,3100,休閒活動,2134,刷牙,600,睡覺,3600,睡覺,3600,睡覺,3600,睡覺,3600,睡覺,3600,睡覺,3600,睡覺,3600,睡覺,3600
第292天,起床,31,刷牙,120,上廁所,120,吃飯,2467,休閒活動,3523,吃飯,3523,休閒活動,3230,休閒活動,3230,上廁所,120,休閒活動,2345,休閒活動,2134,上廁所,120,吃飯,600,休閒活動,2134,休閒活動,2345,刷牙,600,睡覺,3600,睡覺,3600,睡覺,3600,睡覺,3600,睡覺,3600,睡覺,3600,睡覺,3600,睡覺,3600
第293天,起床,40,刷牙,135,上廁所,135,吃飯,2300,休閒活動,3600,吃飯,3600,休閒活動,2800,休閒活動,2800,上廁所,135,休閒活動,2356,休閒活動,3523,上廁所,135,吃飯,600,休閒活動,3523,休閒活動,2356,刷牙,600,睡覺,3600,睡覺,3600,睡覺,3600,睡覺,3600,睡覺,3600,睡覺,3600,睡覺,3600,睡覺,3600
第294天,起床,60,刷牙,120,上廁所,120,吃飯,3600,休閒活動,3100,吃飯,3100,休閒活動,2000,休閒活動,2000,上廁所,120,休閒活動,3523,休閒活動,3600,上廁所,120,吃飯,600,休閒活動,3600,休閒活動,3523,刷牙,600,睡覺,3600,睡覺,3600,睡覺,3600,睡覺,3600,睡覺,3600,睡覺,3600,睡覺,3600,睡覺,3600
第295天,起床,30,刷牙,200,上廁所,200,吃飯,3638,休閒活動,3230,吃飯,3230,休閒活動,3100,休閒活動,3100,上廁所,200,休閒活動,3600,休閒活動,3100,上廁所,200,吃飯,600,休閒活動,3100,休閒活動,3600,刷牙,600,睡覺,3600,睡覺,3600,睡覺,3600,睡覺,3600,睡覺,3600,睡覺,3600,睡覺,3600,睡覺,3600
第296天,起床,36,刷牙,900,上廁所,900,吃飯,3655,休閒活動,2800,吃飯,2800,休閒活動,2134,休閒活動,2134,上廁所,900,休閒活動,3100,休閒活動,3230,上廁所,900,吃飯,600,休閒活動,3230,休閒活動,3100,刷牙,600,睡覺,3600,睡覺,3600,睡覺,3600,睡覺,3600,睡覺,3600,睡覺,3600,睡覺,3600,睡覺,3600
第297天,起床,38,刷牙,350,上廁所,350,吃飯,3487,休閒活動,2000,吃飯,2000,休閒活動,3523,休閒活動,2345,上廁所,350,休閒活動,3230,休閒活動,2800,上廁所,350,吃飯,600,休閒活動,2800,休閒活動,3230,刷牙,600,睡覺,3600,睡覺,3600,睡覺,3600,睡覺,3600,睡覺,3600,睡覺,3600,睡覺,3600,睡覺,3600
第298天,起床,50,刷牙,120,上廁所,120,吃飯,2657,休閒活動,3100,吃飯,3100,休閒活動,3600,休閒活動,2356,上廁所,120,休閒活動,2000,休閒活動,2000,上廁所,120,吃飯,600,休閒活動,2000,休閒活動,2000,刷牙,600,睡覺,3600,睡覺,3600,睡覺,3600,睡覺,3600,睡覺,3600,睡覺,3600,睡覺,3600,睡覺,3600
第299天,起床,65,刷牙,135,上廁所,135,吃飯,3655,休閒活動,2134,吃飯,2134,休閒活動,3100,休閒活動,3523,上廁所,135,休閒活動,3100,休閒活動,3100,上廁所,135,吃飯,600,休閒活動,3100,休閒活動,3100,刷牙,600,睡覺,3600,睡覺,3600,睡覺,3600,睡覺,3600,睡覺,3600,睡覺,3600,睡覺,3600,睡覺,3600
第300天,起床,67,刷牙,120,上廁所,120,吃飯,2467,休閒活動,3523,吃飯,3523,休閒活動,3230,休閒活動,3600,上廁所,120,休閒活動,3523,休閒活動,2134,上廁所,120,吃飯,600,休閒活動,2134,休閒活動,3523,刷牙,600,睡覺,3600,睡覺,3600,睡覺,3600,睡覺,3600,睡覺,3600,睡覺,3600,睡覺,3600,睡覺,3600
第301天,起床,50,刷牙,200,上廁所,200,吃飯,2300,休閒活動,3600,吃飯,3600,休閒活動,2800,休閒活動,3100,上廁所,200,休閒活動,3600,休閒活動,2345,上廁所,200,吃飯,600,休閒活動,2345,休閒活動,3600,刷牙,600,睡覺,3600,睡覺,3600,睡覺,3600,睡覺,3600,睡覺,3600,睡覺,3600,睡覺,3600,睡覺,3600
第302天,起床,30,刷牙,900,上廁所,900,吃飯,3638,休閒活動,3100,吃飯,3100,休閒活動,2000,休閒活動,3230,上廁所,900,休閒活動,3100,休閒活動,2356,上廁所,900,吃飯,600,休閒活動,2356,休閒活動,3100,刷牙,600,睡覺,3600,睡覺,3600,睡覺,3600,睡覺,3600,睡覺,3600,睡覺,3600,睡覺,3600,睡覺,3600
第303天,起床,30,刷牙,350,上廁所,350,吃飯,3655,休閒活動,3230,吃飯,3230,休閒活動,3100,休閒活動,2000,上廁所,350,休閒活動,3230,休閒活動,3523,上廁所,350,吃飯,600,休閒活動,3523,休閒活動,3230,刷牙,600,睡覺,3600,睡覺,3600,睡覺,3600,睡覺,3600,睡覺,3600,睡覺,3600,睡覺,3600,睡覺,3600
第304天,起床,30,刷牙,120,上廁所,120,吃飯,3487,休閒活動,2800,吃飯,2800,休閒活動,2134,休閒活動,3100,上廁所,120,休閒活動,2800,休閒活動,3600,上廁所,120,吃飯,600,休閒活動,3600,休閒活動,2800,刷牙,600,睡覺,3600,睡覺,3600,睡覺,3600,睡覺,3600,睡覺,3600,睡覺,3600,睡覺,3600,睡覺,3600
第305天,起床,35,刷牙,135,上廁所,135,吃飯,2657,休閒活動,2000,吃飯,2000,休閒活動,2345,休閒活動,3523,上廁所,135,休閒活動,2000,休閒活動,3100,上廁所,135,吃飯,600,休閒活動,3100,休閒活動,2000,刷牙,600,睡覺,3600,睡覺,3600,睡覺,3600,睡覺,3600,睡覺,3600,睡覺,3600,睡覺,3600,睡覺,3600
第306天,起床,32,刷牙,120,上廁所,120,吃飯,3655,休閒活動,3100,吃飯,3100,休閒活動,2356,休閒活動,3600,上廁所,120,休閒活動,3100,休閒活動,3230,上廁所,120,吃飯,600,休閒活動,3230,休閒活動,3100,刷牙,600,睡覺,3600,睡覺,3600,睡覺,3600,睡覺,3600,睡覺,3600,睡覺,3600,睡覺,3600,睡覺,3600
第307天,起床,31,刷牙,200,上廁所,200,吃飯,2467,休閒活動,2134,吃飯,2134,休閒活動,3523,休閒活動,3100,上廁所,200,休閒活動,2134,休閒活動,2000,上廁所,200,吃飯,600,休閒活動,2000,休閒活動,2134,刷牙,600,睡覺,3600,睡覺,3600,睡覺,3600,睡覺,3600,睡覺,3600,睡覺,3600,睡覺,3600,睡覺,3600
第308天,起床,40,刷牙,900,上廁所,900,吃飯,2300,休閒活動,2345,吃飯,2345,休閒活動,3600,休閒活動,3230,上廁所,900,休閒活動,3523,休閒活動,3100,上廁所,900,吃飯,600,休閒活動,3100,休閒活動,3523,刷牙,600,睡覺,3600,睡覺,3600,睡覺,3600,睡覺,3600,睡覺,3600,睡覺,3600,睡覺,3600,睡覺,3600
第309天,起床,60,刷牙,350,上廁所,350,吃飯,3600,休閒活動,2356,吃飯,2356,休閒活動,3100,休閒活動,2800,上廁所,350,休閒活動,3600,休閒活動,3523,上廁所,350,吃飯,600,休閒活動,3523,休閒活動,3600,刷牙,600,睡覺,3600,睡覺,3600,睡覺,3600,睡覺,3600,睡覺,3600,睡覺,3600,睡覺,3600,睡覺,3600
第310天,起床,30,刷牙,350,上廁所,350,吃飯,600,休閒活動,3523,吃飯,3523,休閒活動,3230,休閒活動,2000,上廁所,350,休閒活動,3100,休閒活動,3600,上廁所,350,吃飯,600,休閒活動,3600,休閒活動,3100,刷牙,600,睡覺,3600,睡覺,3600,睡覺,3600,睡覺,3600,睡覺,3600,睡覺,3600,睡覺,3600,睡覺,3600
第311天,起床,36,刷牙,279,上廁所,279,吃飯,3638,休閒活動,3600,吃飯,3600,休閒活動,2000,休閒活動,3100,上廁所,279,休閒活動,3230,休閒活動,3100,上廁所,279,吃飯,600,休閒活動,3100,休閒活動,3230,刷牙,600,睡覺,3600,睡覺,3600,睡覺,3600,睡覺,3600,睡覺,3600,睡覺,3600,睡覺,3600,睡覺,3600
第312天,起床,38,刷牙,900,上廁所,900,吃飯,3655,休閒活動,3100,吃飯,3100,休閒活動,3100,休閒活動,2134,上廁所,900,休閒活動,2800,休閒活動,3230,上廁所,900,吃飯,600,休閒活動,3230,休閒活動,2800,刷牙,600,睡覺,3600,睡覺,3600,睡覺,3600,睡覺,3600,睡覺,3600,睡覺,3600,睡覺,3600,睡覺,3600
第313天,起床,50,刷牙,900,上廁所,900,吃飯,3487,休閒活動,3230,吃飯,3230,休閒活動,3523,休閒活動,3523,上廁所,900,休閒活動,2000,休閒活動,2800,上廁所,900,吃飯,600,休閒活動,2800,休閒活動,2000,刷牙,600,睡覺,3600,睡覺,3600,睡覺,3600,睡覺,3600,睡覺,3600,睡覺,3600,睡覺,3600,睡覺,3600
第314天,起床,65,刷牙,350,上廁所,350,吃飯,2657,休閒活動,2000,吃飯,2000,休閒活動,3600,休閒活動,3600,上廁所,350,休閒活動,3100,休閒活動,2000,上廁所,350,吃飯,600,休閒活動,2000,休閒活動,3100,刷牙,600,睡覺,3600,睡覺,3600,睡覺,3600,睡覺,3600,睡覺,3600,睡覺,3600,睡覺,3600,睡覺,3600
第315天,起床,67,刷牙,279,上廁所,279,吃飯,3655,休閒活動,3100,吃飯,3100,休閒活動,3100,休閒活動,3100,上廁所,279,休閒活動,2134,休閒活動,3100,上廁所,279,吃飯,600,休閒活動,3100,休閒活動,2134,刷牙,600,睡覺,3600,睡覺,3600,睡覺,3600,睡覺,3600,睡覺,3600,睡覺,3600,睡覺,3600,睡覺,3600
第316天,起床,50,刷牙,900,上廁所,900,吃飯,2467,休閒活動,3523,吃飯,3523,休閒活動,3230,休閒活動,3230,上廁所,900,休閒活動,2345,休閒活動,2134,上廁所,900,吃飯,600,休閒活動,2134,休閒活動,2345,刷牙,600,睡覺,3600,睡覺,3600,睡覺,3600,睡覺,3600,睡覺,3600,睡覺,3600,睡覺,3600,睡覺,3600
第317天,起床,30,刷牙,900,上廁所,900,吃飯,2300,休閒活動,3600,吃飯,3600,休閒活動,2800,休閒活動,2800,上廁所,900,休閒活動,2356,休閒活動,3523,上廁所,900,吃飯,600,休閒活動,3523,休閒活動,2356,刷牙,600,睡覺,3600,睡覺,3600,睡覺,3600,睡覺,3600,睡覺,3600,睡覺,3600,睡覺,3600,睡覺,3600
第318天,起床,36,刷牙,350,上廁所,350,吃飯,3638,休閒活動,3100,吃飯,3100,休閒活動,2000,休閒活動,2000,上廁所,350,休閒活動,3523,休閒活動,3600,上廁所,350,吃飯,600,休閒活動,3600,休閒活動,3523,刷牙,600,睡覺,3600,睡覺,3600,睡覺,3600,睡覺,3600,睡覺,3600,睡覺,3600,睡覺,3600,睡覺,3600
第319天,起床,38,刷牙,279,上廁所,279,吃飯,3655,休閒活動,3230,吃飯,3230,休閒活動,3100,休閒活動,3100,上廁所,279,休閒活動,3600,休閒活動,3100,上廁所,279,吃飯,600,休閒活動,3100,休閒活動,3600,刷牙,600,睡覺,3600,睡覺,3600,睡覺,3600,睡覺,3600,睡覺,3600,睡覺,3600,睡覺,3600,睡覺,3600
第320天,起床,50,刷牙,900,上廁所,900,吃飯,3487,休閒活動,2800,吃飯,2800,休閒活動,2134,休閒活動,2134,上廁所,900,休閒活動,3100,休閒活動,3230,上廁所,900,吃飯,600,休閒活動,3230,休閒活動,3100,刷牙,600,睡覺,3600,睡覺,3600,睡覺,3600,睡覺,3600,睡覺,3600,睡覺,3600,睡覺,3600,睡覺,3600
第321天,起床,65,刷牙,350,上廁所,350,吃飯,2657,休閒活動,2000,吃飯,2000,休閒活動,3523,休閒活動,2345,上廁所,350,休閒活動,3230,休閒活動,2800,上廁所,350,吃飯,600,休閒活動,2800,休閒活動,3230,刷牙,600,睡覺,3600,睡覺,3600,睡覺,3600,睡覺,3600,睡覺,3600,睡覺,3600,睡覺,3600,睡覺,3600
第322天,起床,67,刷牙,270,上廁所,270,吃飯,3655,休閒活動,3100,吃飯,3100,休閒活動,3600,休閒活動,2356,上廁所,270,休閒活動,2000,休閒活動,2000,上廁所,270,吃飯,600,休閒活動,2000,休閒活動,2000,刷牙,600,睡覺,3600,睡覺,3600,睡覺,3600,睡覺,3600,睡覺,3600,睡覺,3600,睡覺,3600,睡覺,3600
第323天,起床,50,刷牙,120,上廁所,120,吃飯,2467,休閒活動,2134,吃飯,2134,休閒活動,3100,休閒活動,3523,上廁所,120,休閒活動,3100,休閒活動,3100,上廁所,120,吃飯,600,休閒活動,3100,休閒活動,3100,刷牙,600,睡覺,3600,睡覺,3600,睡覺,3600,睡覺,3600,睡覺,3600,睡覺,3600,睡覺,3600,睡覺,3600
第324天,起床,30,刷牙,135,上廁所,135,吃飯,2300,休閒活動,3523,吃飯,3523,休閒活動,3230,休閒活動,3600,上廁所,135,休閒活動,3523,休閒活動,2134,上廁所,135,吃飯,600,休閒活動,2134,休閒活動,3523,刷牙,600,睡覺,3600,睡覺,3600,睡覺,3600,睡覺,3600,睡覺,3600,睡覺,3600,睡覺,3600,睡覺,3600
第325天,起床,35,刷牙,120,上廁所,120,吃飯,3600,休閒活動,3600,吃飯,3600,休閒活動,2800,休閒活動,3100,上廁所,120,休閒活動,3600,吃飯,2345,吃飯,120,吃飯,600,休閒活動,2345,休閒活動,3600,刷牙,600,睡覺,3600,睡覺,3600,睡覺,3600,睡覺,3600,睡覺,3600,睡覺,3600,睡覺,3600,睡覺,3600
第326天,起床,32,刷牙,200,上廁所,200,吃飯,3638,休閒活動,3100,吃飯,3100,休閒活動,2000,休閒活動,3230,上廁所,200,休閒活動,3100,吃飯,2356,吃飯,200,吃飯,600,休閒活動,2356,休閒活動,3100,刷牙,600,睡覺,3600,睡覺,3600,睡覺,3600,睡覺,3600,睡覺,3600,睡覺,3600,睡覺,3600,睡覺,3600
第327天,起床,31,刷牙,279,上廁所,279,吃飯,3655,休閒活動,3230,吃飯,3230,休閒活動,3100,休閒活動,2000,上廁所,279,休閒活動,3230,休閒活動,3523,上廁所,279,吃飯,600,休閒活動,3523,休閒活動,3230,刷牙,600,睡覺,3600,睡覺,3600,睡覺,3600,睡覺,3600,睡覺,3600,睡覺,3600,睡覺,3600,睡覺,3600
第328天,起床,40,刷牙,900,上廁所,900,吃飯,3487,休閒活動,2800,吃飯,2800,休閒活動,2134,休閒活動,3100,上廁所,900,休閒活動,2800,休閒活動,3600,上廁所,900,吃飯,600,休閒活動,3600,休閒活動,2800,刷牙,600,睡覺,3600,睡覺,3600,睡覺,3600,睡覺,3600,睡覺,3600,睡覺,3600,睡覺,3600,睡覺,3600
第329天,起床,60,刷牙,350,上廁所,350,吃飯,2657,休閒活動,2000,吃飯,2000,休閒活動,2345,休閒活動,3523,上廁所,350,休閒活動,2000,休閒活動,3100,上廁所,350,吃飯,600,休閒活動,3100,休閒活動,2000,刷牙,600,睡覺,3600,睡覺,3600,睡覺,3600,睡覺,3600,睡覺,3600,睡覺,3600,睡覺,3600,睡覺,3600
第330天,起床,30,刷牙,270,上廁所,270,吃飯,3655,休閒活動,3100,吃飯,3100,休閒活動,2356,休閒活動,3600,上廁所,270,休閒活動,3100,休閒活動,3230,上廁所,270,吃飯,600,休閒活動,3230,休閒活動,3100,刷牙,600,睡覺,3600,睡覺,3600,睡覺,3600,睡覺,3600,睡覺,3600,睡覺,3600,睡覺,3600,睡覺,3600
第331天,起床,36,刷牙,120,上廁所,120,吃飯,2467,休閒活動,2134,吃飯,2134,休閒活動,3523,休閒活動,3100,上廁所,120,休閒活動,2134,休閒活動,2000,上廁所,120,吃飯,600,休閒活動,2000,休閒活動,2134,刷牙,600,睡覺,3600,睡覺,3600,睡覺,3600,睡覺,3600,睡覺,3600,睡覺,3600,睡覺,3600,睡覺,3600
第332天,起床,38,刷牙,135,上廁所,135,吃飯,2300,休閒活動,2345,吃飯,2345,休閒活動,3600,休閒活動,3230,上廁所,135,休閒活動,3523,休閒活動,3100,上廁所,135,吃飯,600,休閒活動,3100,休閒活動,3523,刷牙,600,睡覺,3600,睡覺,3600,睡覺,3600,睡覺,3600,睡覺,3600,睡覺,3600,睡覺,3600,睡覺,3600
第333天,起床,50,刷牙,120,上廁所,120,吃飯,3638,休閒活動,2356,吃飯,2356,休閒活動,3100,休閒活動,2800,上廁所,120,休閒活動,3600,休閒活動,3523,上廁所,120,吃飯,600,休閒活動,3523,休閒活動,3600,刷牙,600,睡覺,3600,睡覺,3600,睡覺,3600,睡覺,3600,睡覺,3600,睡覺,3600,睡覺,3600,睡覺,3600
第334天,起床,65,刷牙,200,上廁所,200,吃飯,3655,休閒活動,3523,吃飯,3523,休閒活動,3230,休閒活動,2000,上廁所,200,休閒活動,3100,休閒活動,3600,上廁所,200,吃飯,600,休閒活動,3600,休閒活動,3100,刷牙,600,睡覺,3600,睡覺,3600,睡覺,3600,睡覺,3600,睡覺,3600,睡覺,3600,睡覺,3600,睡覺,3600
第335天,起床,67,刷牙,900,上廁所,900,吃飯,3487,休閒活動,3600,吃飯,3600,休閒活動,2000,休閒活動,3100,上廁所,900,休閒活動,3230,休閒活動,3100,上廁所,900,吃飯,600,休閒活動,3100,休閒活動,3230,刷牙,600,睡覺,3600,睡覺,3600,睡覺,3600,睡覺,3600,睡覺,3600,睡覺,3600,睡覺,3600,睡覺,3600
第336天,起床,50,刷牙,350,上廁所,350,吃飯,2657,休閒活動,3100,吃飯,3100,休閒活動,3100,休閒活動,2134,上廁所,350,休閒活動,2800,休閒活動,3230,上廁所,350,吃飯,600,休閒活動,3230,休閒活動,2800,刷牙,600,睡覺,3600,睡覺,3600,睡覺,3600,睡覺,3600,睡覺,3600,睡覺,3600,睡覺,3600,睡覺,3600
第337天,起床,38,刷牙,270,上廁所,270,吃飯,3655,休閒活動,3230,吃飯,3230,休閒活動,3523,休閒活動,3523,上廁所,270,休閒活動,2000,休閒活動,2800,上廁所,270,吃飯,600,休閒活動,2800,休閒活動,2000,刷牙,600,睡覺,3600,睡覺,3600,睡覺,3600,睡覺,3600,睡覺,3600,睡覺,3600,睡覺,3600,睡覺,3600
第338天,起床,50,刷牙,135,上廁所,135,吃飯,2467,休閒活動,2000,吃飯,2000,休閒活動,3600,休閒活動,3600,上廁所,135,休閒活動,3100,休閒活動,2000,上廁所,135,吃飯,600,休閒活動,2000,休閒活動,3100,刷牙,600,睡覺,3600,睡覺,3600,睡覺,3600,睡覺,3600,睡覺,3600,睡覺,3600,睡覺,3600,睡覺,3600
第339天,起床,65,刷牙,120,上廁所,120,吃飯,2300,休閒活動,3100,吃飯,3100,休閒活動,3100,休閒活動,3100,上廁所,120,休閒活動,2134,休閒活動,3100,上廁所,120,吃飯,600,休閒活動,3100,休閒活動,2134,刷牙,600,睡覺,3600,睡覺,3600,睡覺,3600,睡覺,3600,睡覺,3600,睡覺,3600,睡覺,3600,睡覺,3600
第340天,起床,67,刷牙,200,上廁所,200,吃飯,3600,休閒活動,3523,吃飯,3523,休閒活動,3230,休閒活動,3230,上廁所,200,休閒活動,2345,休閒活動,2134,吃飯,200,吃飯,600,休閒活動,2134,休閒活動,2345,刷牙,600,睡覺,3600,睡覺,3600,睡覺,3600,睡覺,3600,睡覺,3600,睡覺,3600,睡覺,3600,睡覺,3600
第341天,起床,50,刷牙,900,上廁所,900,吃飯,600,休閒活動,3600,吃飯,3600,休閒活動,2800,休閒活動,2800,上廁所,900,休閒活動,2356,休閒活動,3523,吃飯,900,吃飯,600,休閒活動,3523,休閒活動,2356,刷牙,600,睡覺,3600,睡覺,3600,睡覺,3600,睡覺,3600,睡覺,3600,睡覺,3600,睡覺,3600,睡覺,3600
第342天,起床,30,刷牙,120,上廁所,120,吃飯,3638,休閒活動,3100,吃飯,3100,休閒活動,2000,休閒活動,2000,上廁所,120,休閒活動,3523,休閒活動,3600,上廁所,120,吃飯,600,休閒活動,3600,休閒活動,3523,刷牙,600,睡覺,3600,睡覺,3600,睡覺,3600,睡覺,3600,睡覺,3600,睡覺,3600,睡覺,3600,睡覺,3600
第343天,起床,30,刷牙,135,上廁所,135,吃飯,3655,休閒活動,3230,吃飯,3230,休閒活動,3100,休閒活動,3100,上廁所,135,吃飯,300,休閒活動,3100,上廁所,135,吃飯,600,休閒活動,3100,休閒活動,300,刷牙,600,睡覺,3600,睡覺,3600,睡覺,3600,睡覺,3600,睡覺,3600,睡覺,3600,睡覺,3600,睡覺,3600
第344天,起床,30,刷牙,120,上廁所,120,吃飯,3487,休閒活動,2800,吃飯,2800,休閒活動,2134,休閒活動,2134,上廁所,120,吃飯,2700,休閒活動,3230,上廁所,120,吃飯,600,休閒活動,3230,休閒活動,2700,刷牙,600,睡覺,3600,睡覺,3600,睡覺,3600,睡覺,3600,睡覺,3600,睡覺,3600,睡覺,3600,睡覺,3600
第345天,起床,30,刷牙,200,上廁所,200,吃飯,2657,休閒活動,2000,吃飯,2000,休閒活動,3523,休閒活動,2345,上廁所,200,休閒活動,3555,休閒活動,2800,上廁所,200,吃飯,600,休閒活動,2800,休閒活動,3555,刷牙,600,睡覺,3600,睡覺,3600,睡覺,3600,睡覺,3600,睡覺,3600,睡覺,3600,睡覺,3600,睡覺,3600
第346天,起床,30,刷牙,900,上廁所,900,吃飯,3655,休閒活動,3100,吃飯,3100,休閒活動,3600,休閒活動,2356,上廁所,900,休閒活動,2356,休閒活動,2000,上廁所,900,吃飯,600,休閒活動,2000,休閒活動,2356,刷牙,600,睡覺,3600,睡覺,3600,睡覺,3600,睡覺,3600,睡覺,3600,睡覺,3600,睡覺,3600,睡覺,3600
第347天,起床,30,刷牙,350,上廁所,350,吃飯,2467,休閒活動,2134,吃飯,2134,休閒活動,3100,休閒活動,3523,上廁所,350,休閒活動,2134,休閒活動,3100,上廁所,350,吃飯,600,休閒活動,3100,休閒活動,2134,刷牙,600,睡覺,3600,睡覺,3600,睡覺,3600,睡覺,3600,睡覺,3600,睡覺,3600,睡覺,3600,睡覺,3600
第348天,起床,30,刷牙,270,上廁所,270,吃飯,2300,休閒活動,3523,吃飯,3523,休閒活動,3230,休閒活動,300,上廁所,270,休閒活動,3600,休閒活動,2134,上廁所,270,吃飯,600,休閒活動,2134,休閒活動,3600,刷牙,600,睡覺,3600,睡覺,3600,睡覺,3600,睡覺,3600,睡覺,3600,睡覺,3600,睡覺,3600,睡覺,3600
第349天,起床,30,刷牙,120,上廁所,120,吃飯,3638,休閒活動,3600,吃飯,3600,休閒活動,2800,休閒活動,2700,上廁所,120,休閒活動,3600,休閒活動,2345,吃飯,120,吃飯,600,休閒活動,2345,休閒活動,3600,刷牙,600,睡覺,3600,睡覺,3600,睡覺,3600,睡覺,3600,睡覺,3600,睡覺,3600,睡覺,3600,睡覺,3600
第350天,起床,30,刷牙,200,上廁所,200,吃飯,3655,休閒活動,3100,吃飯,3100,休閒活動,2000,休閒活動,3555,上廁所,200,休閒活動,2134,休閒活動,2356,吃飯,200,吃飯,600,休閒活動,2356,休閒活動,2134,刷牙,600,睡覺,3600,睡覺,3600,睡覺,3600,睡覺,3600,睡覺,3600,睡覺,3600,睡覺,3600,睡覺,3600
第351天,起床,35,刷牙,900,上廁所,900,吃飯,3487,休閒活動,3230,上廁所,3230,上廁所,3100,上廁所,2356,上廁所,900,休閒活動,3600,休閒活動,3523,上廁所,900,吃飯,600,休閒活動,3523,休閒活動,3600,刷牙,600,上廁所,2700,睡覺,2134,睡覺,3600,上廁所,120,上廁所,2134,上廁所,120,上廁所,120,上廁所,120
第352天,起床,30,刷牙,350,上廁所,350,吃飯,2657,休閒活動,2800,上廁所,2800,上廁所,2134,上廁所,2134,上廁所,350,休閒活動,3600,休閒活動,300,上廁所,350,吃飯,600,休閒活動,300,休閒活動,3600,刷牙,600,上廁所,120,睡覺,2700,睡覺,2134,上廁所,2134,上廁所,2700,上廁所,120,上廁所,120,上廁所,120
第353天,起床,30,刷牙,270,上廁所,270,吃飯,3655,休閒活動,2000,吃飯,2000,休閒活動,2345,休閒活動,3600,上廁所,270,休閒活動,3600,休閒活動,2700,上廁所,270,吃飯,600,休閒活動,2700,休閒活動,3600,刷牙,600,睡覺,3600,睡覺,3600,睡覺,3600,睡覺,3600,睡覺,3600,睡覺,3600,睡覺,3600,睡覺,3600
第354天,起床,35,刷牙,900,上廁所,900,吃飯,2467,休閒活動,3100,吃飯,3100,休閒活動,2356,休閒活動,3600,上廁所,900,休閒活動,600,休閒活動,3555,上廁所,900,吃飯,600,休閒活動,3555,休閒活動,600,刷牙,600,睡覺,3600,睡覺,3600,睡覺,3600,睡覺,3600,睡覺,3600,睡覺,3600,睡覺,3600,睡覺,3600
第355天,起床,32,刷牙,350,上廁所,350,吃飯,2300,休閒活動,2134,吃飯,2134,休閒活動,3523,休閒活動,2134,上廁所,350,休閒活動,600,休閒活動,2356,上廁所,350,吃飯,600,休閒活動,2356,休閒活動,600,刷牙,600,睡覺,3600,睡覺,3600,睡覺,3600,睡覺,3600,睡覺,3600,睡覺,3600,睡覺,3600,睡覺,3600
第356天,起床,31,刷牙,270,上廁所,270,吃飯,3600,休閒活動,2345,吃飯,2345,休閒活動,300,休閒活動,3600,上廁所,270,休閒活動,600,吃飯,2134,吃飯,270,吃飯,600,休閒活動,2134,休閒活動,600,刷牙,600,睡覺,3600,睡覺,3600,睡覺,3600,睡覺,3600,睡覺,3600,睡覺,3600,睡覺,3600,睡覺,3600
第357天,起床,40,刷牙,120,上廁所,120,吃飯,3638,休閒活動,2356,吃飯,2356,休閒活動,2700,休閒活動,3600,上廁所,120,休閒活動,3600,吃飯,3600,吃飯,120,吃飯,600,休閒活動,3600,休閒活動,3600,刷牙,600,睡覺,3600,睡覺,3600,睡覺,3600,睡覺,3600,睡覺,3600,睡覺,3600,睡覺,3600,睡覺,3600
第358天,起床,60,刷牙,135,上廁所,135,吃飯,3655,休閒活動,3523,吃飯,3523,休閒活動,3555,休閒活動,600,上廁所,135,休閒活動,3600,休閒活動,3600,上廁所,135,吃飯,600,休閒活動,3600,休閒活動,3600,刷牙,600,睡覺,3600,睡覺,3600,睡覺,3600,睡覺,3600,睡覺,3600,睡覺,3600,睡覺,3600,睡覺,3600
第359天,起床,30,刷牙,120,上廁所,120,吃飯,3487,吃飯,300,吃飯,300,休閒活動,2356,吃飯,3600,吃飯,120,吃飯,2134,休閒活動,2134,上廁所,120,吃飯,600,休閒活動,2134,休閒活動,2134,刷牙,600,睡覺,3600,睡覺,3600,睡覺,3600,睡覺,3600,睡覺,3600,睡覺,3600,睡覺,3600,睡覺,3600
第360天,起床,36,刷牙,200,上廁所,200,吃飯,2657,吃飯,2700,吃飯,2700,休閒活動,2134,吃飯,3600,吃飯,200,吃飯,3600,休閒活動,3600,上廁所,200,吃飯,600,休閒活動,3600,休閒活動,3600,刷牙,600,睡覺,3600,睡覺,3600,睡覺,3600,睡覺,3600,睡覺,3600,睡覺,3600,睡覺,3600,睡覺,3600
第361天,起床,38,刷牙,900,上廁所,900,吃飯,3655,休閒活動,3555,吃飯,3555,休閒活動,3600,休閒活動,600,上廁所,900,休閒活動,3600,吃飯,3600,吃飯,900,吃飯,600,休閒活動,3600,休閒活動,3600,刷牙,600,睡覺,3600,睡覺,3600,睡覺,3600,睡覺,3600,睡覺,3600,睡覺,3600,睡覺,3600,睡覺,3600
第362天,起床,50,刷牙,350,上廁所,350,吃飯,2467,休閒活動,2356,吃飯,2356,休閒活動,3600,休閒活動,600,上廁所,350,休閒活動,3600,吃飯,3600,吃飯,350,吃飯,600,休閒活動,3600,休閒活動,3600,刷牙,600,睡覺,3600,睡覺,3600,睡覺,3600,睡覺,3600,睡覺,3600,睡覺,3600,睡覺,3600,睡覺,3600
第363天,起床,65,刷牙,270,上廁所,270,吃飯,2300,休閒活動,2134,吃飯,2700,休閒活動,2134,休閒活動,600,上廁所,270,休閒活動,600,休閒活動,600,上廁所,270,吃飯,600,休閒活動,600,休閒活動,600,刷牙,600,睡覺,3600,睡覺,3600,睡覺,3600,睡覺,3600,睡覺,3600,睡覺,3600,睡覺,3600,睡覺,3600
第364天,起床,67,刷牙,600,上廁所,600,吃飯,3638,吃飯,3600,吃飯,3555,休閒活動,2700,吃飯,3600,吃飯,2700,吃飯,120,休閒活動,3600,上廁所,135,吃飯,600,休閒活動,3600,休閒活動,120,刷牙,600,睡覺,3600,睡覺,3600,睡覺,3600,睡覺,3600,睡覺,3600,睡覺,3600,睡覺,3600,睡覺,3600
第365天,起床,50,刷牙,270,上廁所,350,吃飯,3655,吃飯,2700,吃飯,2700,休閒活動,3600,吃飯,2700,吃飯,600,吃飯,135,休閒活動,2134,上廁所,135,吃飯,600,休閒活動,2134,休閒活動,135,刷牙,600,睡覺,3600,睡覺,3600,睡覺,3600,睡覺,3600,睡覺,3600,睡覺,3600,睡覺,3600,睡覺,3600
